show_id,type,title,director,cast,country,date_added,release_year,rating,duration,listed_in,description,Platform
s5,TV Show,The Beatles: Get Back,,"John Lennon, Paul McCartney, George Harrison, Ringo Starr",,"November 25, 2021",2021,,1 Season,"Docuseries, Historical, Music",A three-part documentary from Peter Jackson capturing a moment in music history with The Beatles.,Disney+
s7,TV Show,Hawkeye,,"Jeremy Renner, Hailee Steinfeld, Vera Farmiga, Fra Fee, Tony Dalton, Zahn McClarnon",,"November 24, 2021",2021,TV-14,1 Season,"Action-Adventure, Superhero",Clint Barton/Hawkeye must team up with skilled archer Kate Bishop to unravel a criminal conspiracy.,Disney+
s8,TV Show,Port Protection Alaska,,"Gary Muehlberger, Mary Miller, Curly Leach, Sam Carlson, Stuart Andrews, David Squibb",United States,"November 24, 2021",2015,TV-14,2 Seasons,"Docuseries, Reality, Survival",Residents of Port Protection must combat volatile conditions to survive and thrive in Alaska.,Disney+
s9,TV Show,Secrets of the Zoo: Tampa,,"Dr. Ray Ball, Dr. Lauren Smith, Chris Massaro, Tiffany Burns, Mike Burns, Melinda Mendolusky",United States,"November 24, 2021",2019,TV-PG,2 Seasons,"Animals & Nature, Docuseries, Family","A day in the life at ZooTampa is anything but ordinary. It's extraordinary!",Disney+
s14,TV Show,"Dr. Oakley, Yukon Vet",,"Dr. Michelle Oakley, Zachary Fine",United States,"November 17, 2021",2013,TV-PG,10 Seasons,"Action-Adventure, Animals & Nature, Docuseries","Meet Dr. Michelle Oakley, vet to pretty much everything that moves in the rugged Yukon.",Disney+
s18,TV Show,Disney Fancy Nancy,,"Mia Jenness, Alyson Hannigan, Rob Riggle, Spencer Moss, Dana Heath","United States, Canada","November 12, 2021",2018,TV-PG,3 Seasons,"Animation, Kids",Nancy makes every day extraordinary!,Disney+
s19,TV Show,Disney Intertwined,,"Carolina Domenech, José Jiménez Zapiola, Kevsho, Elena Roger, Clara Alonso, Emilia Mernes",,"November 12, 2021",2021,TV-PG,1 Season,"Comedy, Coming of Age, Drama",Allegra is ready to change the past in order to reach her dream.,Disney+
s29,TV Show,Olaf Presents,,Josh Gad,,"November 12, 2021",2021,TV-PG,1 Season,"Animation, Family",Olaf goes from snowman to showman for his unique retelling of five favorite Disney Animation tales.,Disney+
s52,TV Show,Disney Amphibia,,"Justin Felbinger, Amanda Leighton, Bill Farmer, Brenda Song","United States, South Korea","November 3, 2021",2018,TV-Y7,3 Seasons,"Animation, Comedy, Family",Anne Boonchuy is transported to the world of Amphibia.,Disney+
s53,TV Show,Photo Ark,,Joel Sartore,United States,"November 3, 2021",2017,TV-PG,1 Season,"Animals & Nature, Docuseries, Family",National Geographic photographer Joel Sartore photographs some of the rarest animals in the world.,Disney+
s54,TV Show,Storm Rising,,,,"November 3, 2021",2021,TV-14,1 Season,"Action-Adventure, Animals & Nature, Docuseries",Storm chasers Reed Timmer and Mike Theiss track and study a new category of deadly storms.,Disney+
s59,TV Show,PJ Masks,,"Kyle Breitkopf, Jacob Ursomarzo, Addison Holley","France, United Kingdom","October 20, 2021",2015,TV-Y7,5 Seasons,"Action-Adventure, Animation, Kids",Look out Night Time Baddies the PJ Masks are coming!,Disney+
s60,TV Show,The Wild Life of Dr. Ole,,,,"October 20, 2021",2021,TV-PG,1 Season,"Animals & Nature, Reality","Doc Ole practices his unique brand of animal care with wit, expertise and insight.",Disney+
s63,TV Show,Apollo: Back To The Moon,,"Bill Anders, Jack Clemons, Fred Haise, Glynn Lunney, Jay Barbree, Brad Vinikow",,"October 13, 2021",2019,TV-PG,1 Season,"Docuseries, Historical","Follow the Apollo lunar landing program from the inside, as never shown before.",Disney+
s64,TV Show,Just Beyond,,"Mckenna Grace, Lexi Underwood, Cedric Joe, Tim Heidecker, Riki Lindhome, Nasim Pedrad",,"October 13, 2021",2021,TV-PG,1 Season,"Anthology, Comedy, Coming of Age","Inspired by the writings of R.L. Stine, “Just Beyond” is a supernatural anthology series.",Disney+
s65,TV Show,Secrets Of The Zoo: Down Under,,Naomi Watts,,"October 13, 2021",2020,TV-14,2 Seasons,"Animals & Nature, Docuseries, Family",This series is a behind-the-scenes look at one of the world’s most famous zoos.,Disney+
s66,TV Show,Secrets of the Zoo: North Carolina,,,,"October 13, 2021",2020,TV-14,1 Season,Reality,"The North Carolina Zoo has more than 1,000 animals that live in lush natural habitats.",Disney+
s67,TV Show,The Wizard of Paws,,,,"October 13, 2021",2021,TV-PG,1 Season,"Animals & Nature, Docuseries, Medical",Follow pet prosthetics pioneer Derrick Campana as he gives troubled animals a second chance.,Disney+
s68,TV Show,"Zombies: Addison's Moonstone Mystery",,,,"October 13, 2021",2020,TV-G,1 Season,"Animation, Coming of Age, Fantasy",Things are smooth sailing at Seabrook High until ...,Disney+
s74,TV Show,Among the Stars,,Chris Cassidy,,"October 6, 2021",2021,TV-PG,1 Season,Docuseries,NASA Astronaut Captain Chris Cassidy and the NASA team take on the challenges of space exploration.,Disney+
s76,TV Show,Drain the Oceans,,Russell Boulter,"United Kingdom, Australia","October 6, 2021",2017,TV-PG,4 Seasons,"Docuseries, Historical",Pull the plug on the ocean to reveal hidden secrets using groundbreaking technology.,Disney+
s77,TV Show,Drain The Oceans: The Mississippi River & Arctic War,,Kerry Shale,,"October 6, 2021",2021,TV-14,1 Season,"Docuseries, Historical",Drain the Oceans takes underwater archaeology into a whole new era.,Disney+
s79,TV Show,IMPACT with Gal Gadot,,Gal Gadot,United States,"October 6, 2021",2021,TV-14,1 Season,Docuseries,National Geographic Presents IMPACT with Gal Gadot honors impactful women.,Disney+
s80,TV Show,The Ghost and Molly McGee,,"Ashly Burch, Dana Snyder",United States,"October 6, 2021",2021,TV-Y7,1 Season,"Animation, Buddy, Coming of Age",A grumpy ghost and cheerful tween are eternally bound.,Disney+
s86,TV Show,Disney Vampirina,,"Isabella Crovetti, Lauren Graham, James Van Der Beek, Jordan Davis, Wanda Sykes, Mitchell Whitfield","Ireland, United States","September 29, 2021",2017,TV-Y7,3 Seasons,"Animation, Fantasy, Kids",Vampirina is the new girl in town!,Disney+
s87,TV Show,"Disney's Magic Bake-Off",,"Issac Ryan Brown, Dara Reneé, Graciela Gomez",United States,"September 29, 2021",2021,TV-G,1 Season,"Family, Game Show / Competition",Kid bakers compete to be named Disney Baking Champion.,Disney+
s88,TV Show,Great Barrier Reef,,Don Halbert,,"September 29, 2021",2020,TV-PG,1 Season,"Animals & Nature, Docuseries",Explore the complex Great Barrier Reef along with the wildlife that inhabit it.,Disney+
s89,TV Show,Ready for Preschool,,,,"September 29, 2021",2019,TV-Y,2 Seasons,"Kids, Music",The love of learning begins with Disney Junior!,Disney+
s90,TV Show,Rolie Polie Olie,,"Cole Caplan, Kristen Bone, Robert Smith, Catherine Disher, Adrian Truss, Len Carlson","Canada, United States, France","September 29, 2021",1998,TV-Y,5 Seasons,"Animation, Science Fiction",Rolie Polie Olie’s life and adventures center on his Robo-family.,Disney+
s91,TV Show,Star Wars Galaxy of Sounds,,,,"September 29, 2021",2021,TV-PG,1 Season,"Animation, Anthology, Science Fiction","""Star Wars Galaxy of Sounds"" immerses audiences in the nostalgic ambience of a galaxy far, far away.",Disney+
s92,TV Show,The Hatcher Family Dairy,,,,"September 29, 2021",2021,TV-14,1 Season,"Animals & Nature, Docuseries, Reality","The Hatcher Family enjoys a nonstop circus of animals, farming and family.",Disney+
s93,TV Show,The Simpsons,,"Dan Castellaneta, Julie Kavner, Nancy Cartwright, Yeardley Smith, Hank Azaria, Pamela Hayden",United States,"September 29, 2021",1989,TV-PG,32 Seasons,"Animation, Comedy","The world’s favorite nuclear family, in the award-winning, history-making series.",Disney+
s97,TV Show,Dog: Impossible,,Matt Beisner,United States,"September 22, 2021",2019,TV-PG,2 Seasons,"Animals & Nature, Docuseries, Family",Matt Beisner uses unique approaches to modifying canine behavior and focuses on each animal’s needs.,Disney+
s98,TV Show,Spidey And His Amazing Friends,,"Benjamin Valic, Lily Sanfelippo, Jakari Fraser, Dee Bradley Baker, Melanie Minichino",United States,"September 22, 2021",2021,TV-Y,1 Season,"Action-Adventure, Animation, Kids",Spidey teams up with pals to become The Spidey Team!,Disney+
s99,TV Show,Star Wars: Visions,,,,"September 22, 2021",2021,TV-PG,1 Season,"Action-Adventure, Animation, Anime",An animated anthology celebrating Star Wars through the lens of the world’s best anime creators.,Disney+
s107,TV Show,Life Below Zero,,"Chip Hailstone, Agnes Hailstone, Sue Aikens, Andy Bassich",United States,"September 15, 2021",2012,TV-14,16 Seasons,"Action-Adventure, Animals & Nature, Docuseries","Experience life deep in Alaska where the primal way lives on – brave the wild, fight the freeze.",Disney+
s108,TV Show,Miraculous: Tales Of Ladybug & Cat Noir,,"Cristina Vee, Bryce Papenbrook, Keith Silverstein, Mela Lee, Max Mittelman, Carrie Keranen","France, South Korea, Japan, United States","September 15, 2021",2015,TV-Y7,1 Season,"Action-Adventure, Animation, Fantasy",Superheroes Ladybug and Cat Noir protect the city.,Disney+
s109,TV Show,Unknown Waters with Jeremy Wade,,Jeremy Wade,,"September 15, 2021",2021,TV-14,1 Season,"Animals & Nature, Docuseries","Angler and adventurer, Jeremy Wade, explores the greatest river system in the world.",Disney+
s113,TV Show,"Doogie Kamealoha, M.D.",,"Peyton Elizabeth Lee, Emma Meisel, Matthew Sato, Wes Tian, Jeffrey Bowyer-Chapman, Mapuana Makia",United States,"September 8, 2021",2021,TV-PG,1 Season,"Comedy, Coming of Age, Family",A 16-year-old prodigy juggles her budding medical career with the daily challenges of teenage life.,Disney+
s114,TV Show,"Mira, Royal Detective",,"Leela Ladnier, Utkarsh Ambudkar, Roshni Edwards, Kal Penn, Kamran Lucas",United States,"September 8, 2021",2020,TV-Y,2 Seasons,"Animation, Fantasy, Kids",Mira is the new royal detective in the land of Jalpur!,Disney+
s115,TV Show,Pepper Ann,,"Kathleen Wilhoite, Clea Lewis, Danny Cooksey, Pamela Segall, April Winchell, Don Adams",United States,"September 8, 2021",1997,TV-Y,3 Seasons,"Animation, Comedy, Coming of Age",Pepper Ann Pearson is a teenage girl on an eternal quest for coolness.,Disney+
s116,TV Show,The Incredible Dr. Pol,,"Rick Robles, Dr. Pol",United States,"September 8, 2021",2011,TV-14,19 Seasons,"Animals & Nature, Docuseries, Family",Dr. Pol and his team handle challenging veterinary cases and animal emergencies in central Michigan.,Disney+
s119,TV Show,Alaska Animal Rescue,,Victoria Vosburg,United States,"September 1, 2021",2019,TV-PG,2 Seasons,"Animals & Nature, Docuseries, Family",Conservation heroes rescue and rehabilitate the wild animals of America’s last frontier.,Disney+
s120,TV Show,Dug Days,,"Bob Peterson, Ed Asner, Jordan Nagai",United States,"September 1, 2021",2021,TV-PG,1 Season,"Animation, Comedy, Family","“Dug Days” is a collection of shorts that follows the adventures of Dug, the dog from Pixar’s “Up.”",Disney+
s126,TV Show,"Dr. K's Exotic Animal ER",,"Dr. Susan Kelleher, Art Edmonds",,"August 25, 2021",2014,TV-14,9 Seasons,"Animals & Nature, Docuseries, Family",Dedicated veterinarians treat a colorful array of exotic pets in south Florida.,Disney+
s127,TV Show,Gigantosaurus,,"Dylan Schombing, Áine Sunderland, Nahanni Mitchell, Nicholas Holmes",France,"August 25, 2021",2018,TV-Y,2 Seasons,"Action-Adventure, Animation, Kids",Four dinos explore the mystery of the Gigantosaurus!,Disney+
s128,TV Show,Life Below Zero: Next Generation,,Mocean Melvin,United States,"August 25, 2021",2020,TV-14,2 Seasons,"Action-Adventure, Animals & Nature, Docuseries",The next generation of Alaskans struggle to survive without modern-day comforts.,Disney+
s130,TV Show,Growing Up Animal,,Tracee Ellis Ross,,"August 18, 2021",2021,TV-PG,1 Season,"Animals & Nature, Docuseries, Family",Magical stories of baby animals on the journey from womb to the wild.,Disney+
s133,TV Show,"America's Funniest Home Videos: Animal Edition",,Alfonso Ribeiro,,"August 11, 2021",2021,TV-PG,1 Season,Reality,NatGeo meets AMERICA’S FUNNIEST HOME VIDEOS in a hilarious new animal show,Disney+
s134,TV Show,Chicken Squad,,"Ramone Hamilton, Gabriella Graves, Maxwell Simkins, Yvette Nicole Brown",United States,"August 11, 2021",2021,TV-Y,1 Season,"Animation, Kids, Police/Cop",BAGAWK! Say hello to the Chicken Squad.,Disney+
s135,TV Show,Disney Presents Goofy in How to Stay at Home,,"Bill Farmer, Corey Burton",,"August 11, 2021",2021,TV-G,1 Season,"Animation, Comedy, Family","Goofy’s back in a trio of all-new, hand-drawn animated shorts from Walt Disney Animation Studios.",Disney+
s136,TV Show,Gabby Duran And The Unsittables,,"Kylie Cantrall, Maxwell Donovan, Callan Farris, Coco Christo, Valery Ortiz, Nathan Lovejoy",United States,"August 11, 2021",2018,TV-G,2 Seasons,"Comedy, Family, Science Fiction","Meet Gabby Duran, your average alien-babysitting girl.",Disney+
s137,TV Show,What If...?,,,,"August 11, 2021",2021,TV-14,1 Season,"Action-Adventure, Animation, Anthology",“What If…?” flips the script on the MCU by reimagining events from the films in unexpected ways.,Disney+
s142,TV Show,Cesar Millan: Better Human Better Dog,,Dustin Rubin,,"August 4, 2021",2021,TV-14,1 Season,"Animals & Nature, Docuseries, Family",Renowned Dog Behaviorist Cesar Millan transforms dogs and pet parents.,Disney+
s143,TV Show,Walt Disney Animation Studios: Short Circuit Experimental Films,,,,"August 4, 2021",2020,PG,2 Seasons,"Animation, Anthology, Family",Welcome to Short Circuit - an experimental short film program at Disney Animation.,Disney+
s146,TV Show,"Chip 'n' Dale: Park Life",,"Matthew Géczy, Kaycie Chase, Bill Farmer, Sylvain Caruso",,"July 28, 2021",2021,TV-Y7,1 Season,"Animation, Buddy, Comedy",Two tiny chipmunks have huge adventures while trying to live the good life in a big city park.,Disney+
s147,TV Show,Critter Fixers: Country Vets,,Sullivan Jones,United States,"July 28, 2021",2020,TV-14,2 Seasons,"Animals & Nature, Docuseries, Family",Dr. Hodges and Dr. Ferguson own and operate a bustling veterinary clinic.,Disney+
s148,TV Show,Disney Junior T.O.T.S.,,"Vanessa Williams, Megan Hilty, Jet Jurgensmeyer, Christian Simon",United States,"July 28, 2021",2018,TV-Y,2 Seasons,"Animation, Buddy, Kids",Pip and Freddy are new Junior Fliers at T.O.T.S.!,Disney+
s149,TV Show,Mickey Mouse Funhouse,,"Bret Iwan, Kaitlyn Robrock, Bill Farmer, Tony Anselmo, Tress MacNeille, Harvey Guillén",United States,"July 28, 2021",2021,TV-Y,1 Season,"Animation, Kids",Mickey Mouse Funhouse is filled with silly adventure!,Disney+
s150,TV Show,"Minnie's Bow-Toons: Party Palace Pals",,"Tress MacNeille, Nika Futterman, Kaitlyn Robrock",,"July 28, 2021",2021,TV-Y7,1 Season,"Animation, Kids",Minnie and Daisy open a party planning business!,Disney+
s151,TV Show,Turning the Tables with Robin Roberts,,Robin Roberts,,"July 28, 2021",2021,TV-PG,1 Season,Talk Show,Robin Roberts sits down with iconic Hollywood women for intimate & inspirational conversations.,Disney+
s159,TV Show,Behind the Attraction,,Paget Brewster,,"July 21, 2021",2021,TV-PG,1 Season,"Docuseries, Family","Behind the Attraction takes you on a wild ride behind Disney Parks' most iconic attractions!",Disney+
s160,TV Show,Disney The Owl House,,"Sarah-Nicole Robles, Wendie Malick, Alex Hirsch, Tati Gabrielle, Issac Brown, Mae Whitman","United States, United Kingdom","July 21, 2021",2020,TV-Y7,2 Seasons,"Action-Adventure, Animation, Anime",Luz stumbles upon a portal to a magical new world.,Disney+
s161,TV Show,Meet Spidey and His Amazing Friends (Shorts),,"Ben Valic, Melanie Minichino",,"July 21, 2021",2021,TV-Y,1 Season,"Action-Adventure, Animation, Kids",Meet the friends that help Spidey save the day!,Disney+
s162,TV Show,Mission Force One,,"Justin Felbinger, Fiona Bishop, Ivy Bishop, Issac Ryan Brown, Sam Lavagnino, Dee Bradley Baker",,"July 21, 2021",2017,TV-Y,1 Season,"Action-Adventure, Animation, Kids",Five kids form an elite team to protect the universe!,Disney+
s163,TV Show,Turner & Hooch,,"Josh Peck, Carra Patterson, Lyndsy Fonseca, Vanessa Lengies, Brandon Jay Mclaren, Anthony Ruivivar",,"July 21, 2021",2021,TV-PG,1 Season,"Action-Adventure, Buddy, Comedy",A Deputy Marshal inherits an unruly dog who helps him solve crimes and investigate a family mystery.,Disney+
s166,TV Show,Shark Attack Files,,,,"July 16, 2021",2021,TV-14,1 Season,"Animals & Nature, Docuseries, Reality",Learn the truth behind the most dramatic shark attacks of our time.,Disney+
s172,TV Show,So Random!,,"Tiffany Thornton, Sterling Knight, Brandon Mychal Smith, Doug Brochu, Allisyn Ashley Arm",United States,"July 14, 2021",2011,TV-G,1 Season,"Comedy, Coming of Age",A musical sketch comedy show.,Disney+
s180,TV Show,When Sharks Attack,,Eric Meyers,United States,"July 9, 2021",2013,TV-14,7 Seasons,Reality,National Geographic investigates shark attacks.,Disney+
s181,TV Show,Breaking Bobby Bones,,Bobby Bones,United States,"July 7, 2021",2021,TV-14,1 Season,"Action-Adventure, Docuseries, Reality",Bobby Bones travels to meet local heroes who challenge him to conquer their trades.,Disney+
s182,TV Show,Mickey Mouse Mixed-Up Adventures,,"Bret Iwan, Russi Taylor, Bill Farmer, Daniel Ross, Tress MacNeile",United States,"July 7, 2021",2019,TV-Y,1 Season,"Animation, Kids, Sports",Hot Dog! Get mixed-up with Mickey and all of his pals!,Disney+
s183,TV Show,Monsters at Work,,"Billy Crystal, John Goodman, Ben Feldman, Mindy Kaling, Henry Winkler, Lucas Neff",United States,"July 7, 2021",2021,TV-G,1 Season,"Animation, Comedy, Family","""Monsters at Work"" tells the story of Tylor Tuskmon and his dream to become a Jokester.",Disney+
s185,TV Show,"Disney Raven's Home",,"Raven-Symoné , Issac Brown, Navia Robinson, Jason Maybaum, Sky Katz, Anneliese van der Pol",United States,"July 2, 2021",2016,TV-G,4 Seasons,"Comedy, Family, Fantasy",Raven and Chelsea raise their three children together.,Disney+
s189,TV Show,Running Wild with Bear Grylls,,Bear Grylls,United States,"June 25, 2021",2019,TV-PG,2 Seasons,"Action-Adventure, Reality, Survival",Survivalist Bear Grylls takes celebrities on wild adventures they won’t forget.,Disney+
s190,TV Show,The Mysterious Benedict Society,,"Tony Hale, Kristen Schaal, Mystic Inscho, Seth Carr, Marta Kessler, Emmy DeOliveira",United States,"June 25, 2021",2021,TV-PG,1 Season,"Action-Adventure, Family",Four gifted orphans are recruited by the eccentric Mr. Benedict to save the world.,Disney+
s192,TV Show,Dino Ranch,,"Tyler Nathan, Jacob Mazeral, Ava Ro, Scott Gorman, Athena Karkanis",Canada,"June 18, 2021",2021,TV-Y,1 Season,"Animation, Kids, Western","Join the Cassidy family on their ""prewestoric"" farm!",Disney+
s193,TV Show,Disney Just Roll With It,,"Ramon Reed, Kaylin Hayman, Suzi Barrett, Tobie Windham",United States,"June 18, 2021",2018,TV-Y7,2 Seasons,"Comedy, Family","This family's fate rests in the hands of the audience!",Disney+
s194,TV Show,"Heartland Docs, DVM",,"Dr. Erin Schroeder, Dr. Ben Schroeder",United States,"June 18, 2021",2019,TV-14,3 Seasons,"Animals & Nature, Docuseries, Family",Heartland vets Ben and Erin Schroeder live and work among farmers in the Midwest.,Disney+
s196,TV Show,Star Wars Vintage: Droids,,"Anthony Daniels, R2-D2, Lesleh Donaldson, Andrew Sabiston, Don Francks, Dan Hennessey",,"June 18, 2021",1985,TV-Y7-FV,2 Seasons,"Action-Adventure, Animation, Fantasy",Share the early adventures of R2-D2 and C-3PO in this action-packed animated series!,Disney+
s197,TV Show,Puppy Dog Pals,,"Harland Williams, Isaac Brown, Jessica DiCicco, Sam Lavagnino, Leslie Baker, Tara Strong","United States, India","June 11, 2021",2016,TV-G,4 Seasons,"Animation, Kids",Two puppies are on a mission for fun and adventure!,Disney+
s201,TV Show,Zenimation,,,United States,"June 11, 2021",2020,TV-G,2 Seasons,"Animation, Anthology, Family","Unplug, relax and refresh your senses with the soundscapes of Disney Animation’s Zenimation.",Disney+
s202,TV Show,Loki,,Tom Hiddleston,,"June 9, 2021",2021,TV-14,1 Season,"Action-Adventure, Fantasy, Science Fiction",The mercurial villain Loki (Tom Hiddleston) resumes his role as the God of Mischief.,Disney+
s203,TV Show,Gordon Ramsay: Uncharted,,Gordon Ramsay,United States,"June 4, 2021",2018,TV-14,3 Seasons,"Action-Adventure, Docuseries, Lifestyle",Gordon Ramsay travels the globe on an epic adventure in search of culinary inspiration.,Disney+
s204,TV Show,MUPPET BABIES,,"Matt Danner, Melanie Harrison, Ben Diskin, Eric Bauza, Dee Baker, Jessica DiCicco","South Korea, United States, China, Japan","June 4, 2021",2017,TV-Y,3 Seasons,"Animation, Kids",The Muppet Babies are here to make dreams come true!,Disney+
s209,TV Show,Bluey,,"Dave Mccormack, Melanie Zanetti, Brad Elliot, Hsiao-Ling Tang","Australia, United Kingdom","May 28, 2021",2019,TV-Y,2 Seasons,"Animation, Kids","Bluey is a six year-old Blue Heeler dog, who turns everyday family life into adventures.",Disney+
s211,TV Show,Disney Sydney To The Max,,"Ruth Righi, Ava Kolker, Jackson Dollinger, Christian Simon, Ian Kesler, Caroline Rhea",United States,"May 28, 2021",2018,TV-G,3 Seasons,"Comedy, Coming of Age, Family",Sydney navigates middle school with help from her Dad.,Disney+
s213,TV Show,Kingdom of the Polar Bears,,Dennis Compayre,,"May 28, 2021",2021,TV-PG,1 Season,"Animals & Nature, Docuseries",Follow a mother polar bear as she raises two cubs on the Hudson Bay’s receding ice.,Disney+
s217,TV Show,Wicked Tuna,,Mike Rowe,United States,"May 28, 2021",2016,TV-14,10 Seasons,"Action-Adventure, Animals & Nature, Docuseries",Massachusetts fishermen make their living one catch at a time in pursuit of the bluefin tuna.,Disney+
s218,TV Show,Big City Greens,,"Chris Houghton, Marieve Herington, Bob Joles, Artemis Pebdani","United States, South Korea","May 21, 2021",2017,TV-Y7,2 Seasons,"Action-Adventure, Animation, Comedy",The Green family moves from the country to Big City.,Disney+
s219,TV Show,Fury Files,,Chi McBride,,"May 21, 2021",2013,TV-Y7,1 Season,"Animation, Superhero",Get top-secret access to S.H.I.E.L.D. video dossiers on key Marvel heroes and villains.,Disney+
s220,TV Show,Ice Road Rescue,,"David Wartnaby, Bjørn Lægreid, Thord Paulsen",United Kingdom,"May 21, 2021",2015,TV-14,5 Seasons,"Docuseries, Reality, Survival",Ice Road Rescue follows Norwegian towing teams who rescue trucks and trailers on icy mountain roads.,Disney+
s222,TV Show,Schoolhouse Rock!,,"Bob Dorough, Jack Sheldon, Lynn Ahrens, Grady Tate, Blossom Dearie, Essra Mohawk",United States,"May 17, 2021",1973,TV-G,6 Seasons,"Animals & Nature, Animation, Kids","Musical shorts teach kids history, grammar, and math.",Disney+
s223,TV Show,Disney Special Agent Oso: Three Healthy Steps (Shorts),,"Sean Astin, Meghan Strange, Phill Lewis, Amber Hood, Brad Garrett",,"May 14, 2021",2011,TV-Y,1 Season,"Action-Adventure, Animation, Kids",Oso and his friends watch a kid as they demonstrate the steps to performing a healthy activity.,Disney+
s224,TV Show,Race to the Center of the Earth,,Chris Payne Gilbert,United States,"May 14, 2021",2021,TV-14,1 Season,"Action-Adventure, Family, Game Show / Competition",Race to the Center of the Earth. Four epic courses. One finish line.,Disney+
s225,TV Show,Special Agent Oso,,"Sean Astin, Meghan Strange, Gary Anthony Williams, Amber Hood, Cam Clarke, Phill Lewis","United States, United Kingdom, South Korea","May 14, 2021",2009,TV-Y,2 Seasons,"Action-Adventure, Animation, Kids",Special Agent Oso is an adorable stuffed bear and an agent-in-training!,Disney+
s227,TV Show,The Incredible Hulk,,"Neal McDonough, John Vernon, Luke Perry, Lou Ferrigno, Genie Francis",United States,"May 10, 2021",1996,TV-Y7,2 Seasons,"Action-Adventure, Animation, Kids",Scientist Bruce Banner develops a dangerous alter ego – a monster known as the Incredible Hulk.,Disney+
s229,TV Show,Wander Over Yonder,,"Jack McBrayer, April Winchell, Keith Ferguson, Tom Kenny","United States, Canada, Ireland","May 7, 2021",2013,TV-Y7,2 Seasons,Comedy,Best friends travel through the cosmos.,Disney+
s233,TV Show,Star Wars Vehicle Flythroughs,,,,"May 4, 2021",2021,TV-G,1 Season,"Anthology, Science Fiction",Fly through some of the most iconic Star Wars ships and vehicles.,Disney+
s234,TV Show,The Bad Batch,,Dee Bradley Baker,,"May 4, 2021",2021,TV-PG,1 Season,"Action-Adventure, Animation, Science Fiction",The Bad Batch must find their way in a rapidly changing galaxy.,Disney+
s235,TV Show,Spider-Man,,"Christopher Daniel Barnes, Edward Asner, Linda Gray, Rodney Saulsberry, Liz Georges, Saratoga Ballantine",United States,"May 3, 2021",1994,TV-Y7,5 Seasons,"Action-Adventure, Animation, Kids",A young man with spider-like abilities fights crime while trying to have a normal personal life.,Disney+
s237,TV Show,Adventures in Wonderland,,"Patrick Richwood, Reece Holland, John Robert Hoffman, Wesley Mann, Harry Waters Jr., John Lovelady",,"April 30, 2021",1996,TV-G,1 Season,"Fantasy, Musical",This Emmy award-winning series mixes music and fantasy with language and social skills.,Disney+
s239,TV Show,DuckTales,,"David Tennant, Danny Pudi, Ben Schwartz, Bobby Moynihan, Kate Micucci, Tony Anselmo",United States,"April 30, 2021",2017,TV-Y7,3 Seasons,"Action-Adventure, Animation, Comedy",Join Scrooge and family on globe-trotting adventures!,Disney+
s243,TV Show,Liv and Maddie,,"Dove Cameron, Joey Bragg, Tenzing Norgay Trainor, Kali Rocha, Benjamin King",United States,"April 23, 2021",2013,TV-G,4 Seasons,"Comedy, Coming of Age, Kids",The series follows 15-year-old twins Liv and Maddie.,Disney+
s244,TV Show,Secrets of the Whales,,"Sigourney Weaver, James Cameron, Brian Skerry",,"April 22, 2021",2021,TV-PG,1 Season,"Animals & Nature, Docuseries",Secrets of the Whales reveals the mysterious and beautiful world of whales.,Disney+
s245,TV Show,Big Shot,,"John Stamos, Jessalyn Gilsig, Yvette Nicole Brown, Richard Robichaux, Sophia Mitri Schloss, Nell Verlaque",,"April 16, 2021",2021,TV-PG,1 Season,"Comedy, Drama, Sports","After being ousted from NCAA, a men’s basketball coach takes a job at an elite private high school.",Disney+
s246,TV Show,Earth Moods,,,,"April 16, 2021",2021,TV-G,1 Season,"Animals & Nature, Anthology",Relax and reset as you journey around the world with Earth Moods.,Disney+
s247,TV Show,Primal Survivor,,Hazen Audel,United States,"April 16, 2021",2014,TV-PG,5 Seasons,"Docuseries, Reality, Survival",Hazen Audel relives his most thrilling moments and reveals what it takes to become Primal Survivor.,Disney+
s253,TV Show,Future-Worm!,,"Andy Milonakis, James Adomian, Corey Burton, Melanie Lynskey, Ryan Quincy, Neil deGrasse Tyson",United States,"April 9, 2021",2016,TV-Y7,1 Season,"Family, Kids","One boy, one worm... these are their adventures!",Disney+
s254,TV Show,Kick Buttowski: Suburban Daredevil,,"Charlie Schlatter, Matt Jones, Danny Cooksey",United States,"April 9, 2021",2010,TV-Y7,2 Seasons,"Action-Adventure, Animation",Kick Buttowski is an extraordinary kid determined to become the worlds greatest daredevil.,Disney+
s260,TV Show,Higglytown Heroes,,"Frankie Ryan Manriquez, Taylor Masamitsu, Liliana Mumy, Rory Thost, Edie McClurg","United States, South Korea","April 2, 2021",2004,TV-Y,2 Seasons,"Animation, Kids, Musical","You're invited to meet the heroes all around you, since everyone's a hero in their own way!",Disney+
s262,TV Show,Made in a Day,,Craig Whitney,United States,"April 2, 2021",2020,TV-PG,1 Season,Reality,This is the story of how today’s biggest brands are made today.,Disney+
s264,TV Show,Secrets Of The Zoo,,Mocean Melvin,,"April 2, 2021",2017,TV-PG,4 Seasons,"Animals & Nature, Docuseries, Family",Go behind the scenes at The Columbus Zoo and Aquarium.,Disney+
s266,TV Show,Star Wars Vintage: Clone Wars 2D Micro-Series,,"Mat Lucas, James Arnold Taylor, Tom Kane, Grey DeLisle, Corey Burton, André Sogliuzzo",,"April 2, 2021",2021,TV-Y7-FV,1 Season,Series,"Enjoy this thrilling, Emmy® Award-winning animated series that continues the Star Wars story.",Disney+
s268,TV Show,Star Wars: Ewoks,,"Jim Henshaw, Cree Summer Francks, Jackie Burroughs, George Buza, Doug Chamberlain, Paul Chato",,"April 2, 2021",1985,TV-Y7-FV,2 Seasons,"Action-Adventure, Animation, Fantasy","Join your favorite, furry Star Wars heroes, the Ewoks, in an action-packed, animated series!",Disney+
s272,TV Show,Walk the Prank,,"Cody Veith, Bryce Gheisar, Brandon Severs, Jillian Shea Spaeder, Tobie Windham",United States,"April 2, 2021",2016,TV-Y7,3 Seasons,"Comedy, Reality",Chance and his crew prank unsuspecting targets.,Disney+
s274,TV Show,Pickle and Peanut,,"Johnny Pemberton, Jon Heder, Dana Snyder, Joel Trussell",United States,"March 26, 2021",2015,TV-Y7,2 Seasons,Comedy,The freewheeling adventures of Pickle and Peanut.,Disney+
s275,TV Show,The Mighty Ducks: Game Changers,,,,"March 26, 2021",2021,TV-PG,1 Season,"Comedy, Drama, Sports",A new group of misfits rediscovers the joys of playing hockey for the love of the game.,Disney+
s276,TV Show,Disney Big Hero 6 The Series,,"Scott Adsit, Ryan Potter, Brooks Wheelan, Jamie Chung, Khary Payton, Genesis Rodriguez",United States,"March 19, 2021",2017,TV-G,3 Seasons,"Action-Adventure, Animation, Kids","Hiro, Baymax and team protect the city from villains.",Disney+
s278,TV Show,Mexico Untamed,,Juan Monsalvez,,"March 19, 2021",2018,TV-PG,1 Season,"Animals & Nature, Docuseries",Predator and prey fight age-old battles for survival in Mexico Untamed,Disney+
s279,TV Show,The Falcon and The Winter Soldier,,"Anthony Mackie, Sebastian Stan, Daniel Brühl, Emily VanCamp, Wyatt Russell",,"March 19, 2021",2021,TV-14,1 Season,"Action-Adventure, Buddy, Science Fiction",Sam Wilson aka The Falcon and Bucky Barnes aka The Winter Soldier team up on a global adventure.,Disney+
s281,TV Show,Marvel Studios ASSEMBLED,,,,"March 12, 2021",2021,,1 Season,"Anthology, Docuseries",ASSEMBLED is an immersive series of docu-specials examining the next phase of the MCU.,Disney+
s285,TV Show,American Dragon: Jake Long,,"Dante Basco, Jeff Bennett, Amy Bruckner, John DiMaggio, Charlie Finn, Kittie",United States,"February 26, 2021",2004,TV-Y7,2 Seasons,"Action-Adventure, Animation, Comedy",Jake strives to find balance in his life as a New York teen learning to master his mystical powers.,Disney+
s286,TV Show,Car SOS,,,United Kingdom,"February 26, 2021",2012,TV-PG,8 Seasons,"Buddy, Comedy, Docuseries","Decaying classic cars are revived by two experts for unsuspecting, grateful owners.",Disney+
s287,TV Show,Disney Channel Games 2008,,,,"February 26, 2021",2008,TV-G,1 Season,"Game Show / Competition, Sports, Variety",Disney Channel stars from around the globe compete in the third annual Disney Channel Games.,Disney+
s288,TV Show,Disney Roll It Back (Shorts),,"Ramon Reed, Kaylin Hayman, Suzi Barrett, Tobie Windham, JC Currais",,"February 26, 2021",2019,TV-Y7,1 Season,"Comedy, Docuseries, Family",Join the cast of Just Roll With It as they recap all the crazy that happened in the latest episode!,Disney+
s289,TV Show,Dog With a Blog,,"G Hannelius, Blake Michael, Francesca Capaldi, Stephen Full, Regan Burns, Beth Littleford",United States,"February 26, 2021",2012,TV-G,3 Seasons,"Comedy, Fantasy",Tyler and Avery hide the fact that their new dog can talk.,Disney+
s290,TV Show,Mickey Go Local,,"Azran Bin Ahmad, Rozita Binti Mohamed Hussain, Shamsir Bin Mohd Shahar, Suzana Binti Ahmad",,"February 26, 2021",2019,TV-G,1 Season,"Animation, Comedy, Kids","Mickey and his friends explore Singapore and Malaysia’s finest, from food to clothing.",Disney+
s293,TV Show,Pair of Kings,,"Mitchel Musso, Doc Shaw, Kelsey Chow, Ryan Ochoa, Geno Segers",United States,"February 26, 2021",2010,TV-Y7,3 Seasons,"Action-Adventure, Comedy, Coming of Age","Fraternal teenage twins, Brady and Boomer, are suddenly informed of their royal lineage.",Disney+
s294,TV Show,Secrets of Sulphur Springs,,"Preston Oliver, Kyliegh Curran, Elle Graham, Madeleine McGraw, Landon Gordon, Kelly Frye",United States,"February 26, 2021",2021,TV-PG,1 Season,"Family, Fantasy, Mystery",Griffin and his family move to a mysterious town.,Disney+
s300,TV Show,The Muppet Show,,"Jim Henson, Frank Oz, Dave Goelz, Richard Hunt, Eren Ozker, John Lovelady","United States, United Kingdom","February 19, 2021",1976,TV-PG,5 Seasons,"Comedy, Family, Variety","It's time to raise the curtain on The Muppet Show!",Disney+
s301,TV Show,Marvel Battleworld: Mystery of the Thanostones,,"Giles Panton, Rebecca Shoichet, Jesse Inocalla, Brad Swaile, Deven Mack, Ian Hanlin",United States,"February 12, 2021",2020,TV-Y7-FV,1 Season,"Action-Adventure, Animation, Fantasy",Iron Man and Captain Marvel team up to stop Thanos!,Disney+
s308,TV Show,Wicked Tuna: Outer Banks,,Bill Ratner,,"February 5, 2021",2013,TV-14,7 Seasons,"Animals & Nature, Docuseries, Family",Fishermen venture to North Carolina’s Outer Banks to battle for the ocean’s most lucrative prize.,Disney+
s309,TV Show,Dinosaurs,,,United States,"January 29, 2021",1991,TV-PG,4 Seasons,"Comedy, Family",Dinosaurs raise a family during the Stone Age.,Disney+
s311,TV Show,Pixar Popcorn,,"Ellen DeGeneres, Craig T. Nelson, Holly Hunter, Keegan-Michael Key, Jordan Peele",United States,"January 22, 2021",2021,TV-PG,1 Season,"Animation, Anthology, Family",Grab a quick snack of Pixar with this collection of mini shorts starring your favorite characters.,Disney+
s313,TV Show,Elena of Avalor,,"Aimee Carrero, Jenna Ortega, Keith Ferguson, Jillian Reed, Carlos Alazraqui, Mikey Kelley",United States,"January 15, 2021",2015,TV-Y7,3 Seasons,"Action-Adventure, Animation, Fantasy",Elena of Avalor must learn to rule!,Disney+
s316,TV Show,WandaVision,,"Elizabeth Olsen, Paul Bettany, Teyonah Parris, Kathryn Hahn, Randall Park, Kat Dennings",United States,"January 15, 2021",2021,TV-14,1 Season,"Drama, Fantasy, Mystery",Two super-powered beings living idealized suburban lives suspect that everything is not as it seems.,Disney+
s317,TV Show,Disney Fam Jam,,"Phil Wright, Ariel Martin, Trevor Tordjman",United States,"January 8, 2021",2020,TV-G,1 Season,"Family, Game Show / Competition, Reality",Families across America compete in epic dance battles!,Disney+
s319,TV Show,Marvel Studios LEGENDS,,,United States,"January 8, 2021",2021,TV-14,1 Season,"Action-Adventure, Docuseries, Fantasy",Marvel Studios LEGENDS celebrates the heroes and villains of the highly anticipated Disney+ shows.,Disney+
s327,TV Show,Cosmos: Possible Worlds,,Neil deGrasse Tyson,United States,"December 25, 2020",2020,TV-14,1 Season,"Action-Adventure, Docuseries, Family",COSMOS: POSSIBLE WORLDS continues Carl Sagan’s legacy that began more than 40 years ago.,Disney+
s328,TV Show,Disney Gallery / Star Wars: The Mandalorian,,"Jon Favreau, Dave Filoni, Pedro Pascal, Bryce Howard, Taika Waititi, Carl Weathers",United States,"December 25, 2020",2020,TV-PG,2 Seasons,"Action-Adventure, Docuseries, Family",DISNEY GALLERY / STAR WARS: THE MANDALORIAN is a docuseries about the making of The Mandalorian.,Disney+
s333,TV Show,Disney Parks Sunrise Series,,,,"December 18, 2020",2021,TV-G,1 Season,"Animals & Nature, Docuseries, Family","An inspiring view of Disney Parks few have experienced before, at sunrise. Previously Recorded.",Disney+
s337,TV Show,On Pointe,,,United States,"December 18, 2020",2020,TV-PG,1 Season,"Docuseries, Family",On Pointe follows students during a season in the School of American Ballet (SAB) in New York City.,Disney+
s338,TV Show,Wild Nordic,,Dan Nachtrab,,"December 18, 2020",2019,TV-PG,1 Season,"Animals & Nature, Docuseries, Reality","As seen by the Viking gods, the fabled wildernesses of Norway, Finland and Sweden are revealed.",Disney+
s355,TV Show,Once Upon a Time in Wonderland,,"Sophie Lowe, Michael Socha, Peter Gadiot, Emma Rigby, Naveen Andrews, John Lithgow","Canada, United States","November 27, 2020",2013,TV-PG,1 Season,"Action-Adventure, Fantasy, Soap Opera / Melodrama",Alice tells a tale of a strange new land.,Disney+
s356,TV Show,Party Animals,,,,"November 27, 2020",2016,TV-G,1 Season,"Animals & Nature, Kids, Music",This music video series captures the funny moments animals have in their day-to-day lives.,Disney+
s358,TV Show,Bia,,"Isabela Souza, Giulia Guerrini, Julio Peña, Guido Messina, Andrea de Alba, Agustina Palma",Argentina,"November 20, 2020",2019,TV-G,1 Season,"Coming of Age, Drama, Music","Bia is filled with passion, after the loss of her sister she will rediscover music and find love.",Disney+
s359,TV Show,"Marvel's 616",,,United States,"November 20, 2020",2020,TV-14,1 Season,"Anthology, Docuseries",An anthology documentary series exploring the impact of the Marvel Comics Universe.,Disney+
s363,TV Show,The Wonderful World of Mickey Mouse,,"Chris Diamantopoulos, Kaitlyn Robrock, Bill Farmer, Tony Anselmo, Tress MacNeille",United States,"November 18, 2020",2020,TV-G,1 Season,"Action-Adventure, Animation, Anthology","It's nothing but fun for Mickey and friends as they embark on their greatest adventures yet.",Disney+
s368,TV Show,Inside Pixar,,,United States,"November 13, 2020",2020,TV-PG,1 Season,"Docuseries, Family","An inside look at the people, artistry, and culture of Pixar Animation Studios.",Disney+
s372,TV Show,Fancy Nancy (Shorts),,"Mia Sinclair Jenness, Dana Heath, Spencer Moss, Alyson Hannigan",,"November 6, 2020",2019,TV-Y,1 Season,"Animation, Kids",Follow Nancy as she shows you how to be more Fancy!,Disney+
s373,TV Show,Goldie & Bear,,"Georgie Kidder, Justine Huxley, Natalie Lander, Jim Cummings, David Kaufman, David Lodge",United States,"November 6, 2020",2015,TV-Y,2 Seasons,"Action-Adventure, Animation, Buddy",Goldie and Bear go on adventures in Fairytale Forest.,Disney+
s378,TV Show,The Mandalorian,,"Pedro Pascal, Carl Weathers, Gina Carano, Omid Abtahi, Nick Nolte",United States,"October 30, 2020",2019,TV-14,2 Seasons,"Action-Adventure, Family, Science Fiction","After the fall of the Empire, a lone gunfighter makes his way through the lawless galaxy.",Disney+
s380,TV Show,X-Ray Earth,,,United States,"October 30, 2020",2020,TV-PG,1 Season,"Animals & Nature, Docuseries, Reality",What if we could x-ray the Earth to reveal the origins of natural disasters? Now we can.,Disney+
s381,TV Show,Gathering Storm,,Tucker McDougall,United States,"October 23, 2020",2020,TV-PG,1 Season,"Animals & Nature, Docuseries","Witness first hand stories combined with scientific insight, analysis and satellite mapping.",Disney+
s382,TV Show,India From Above,,Dev Patel,,"October 23, 2020",2019,TV-PG,1 Season,"Docuseries, Reality","India From Above, a two-part aerial documentary of a nation and its people.",Disney+
s383,TV Show,Marvel Super Hero Adventures,,,United States,"October 23, 2020",2017,TV-Y,4 Seasons,"Action-Adventure, Animation, Kids",Spider-Man sets off on adventures with Marvel heroes!,Disney+
s391,TV Show,Meet The Chimps,,Jane Lynch,United States,"October 16, 2020",2020,TV-PG,1 Season,"Animals & Nature, Docuseries, Family","Meet the Chimps takes viewers inside the secret life of Chimp Haven, a unique wildlife sanctuary.",Disney+
s392,TV Show,The Rocketeer,,"Kitana Turnbull, Billy Campbell, Kathy Najimy, Callan Farris, Frank Welker",United States,"October 16, 2020",2019,TV-Y,1 Season,"Action-Adventure, Animation, Kids",Kit becomes a rocket-pack wearing superhero!,Disney+
s395,TV Show,The Right Stuff,,"Jake McDorman, Patrick Adams, Colin O’Donoghue, Eloise Mumford, James Lafferty, Nora Zehetner",United States,"October 9, 2020",2020,TV-14,1 Season,"Drama, Historical",The incredible story of the Mercury Seven astronauts and their extraordinary achievements.,Disney+
s401,TV Show,"Magic of Disney's Animal Kingdom",,Josh Gad,United Kingdom,"September 25, 2020",2020,TV-PG,1 Season,"Animals & Nature, Docuseries, Family",Magic of Disney’s Animal Kingdom goes backstage at Walt Disney World Resort. Narrated by Josh Gad.,Disney+
s404,TV Show,Wild Central America,,Nigel Marven,,"September 25, 2020",2020,TV-PG,1 Season,"Action-Adventure, Animals & Nature, Docuseries",Presenter Nigel Marven discovers the colourful and varied wildlife and culture of Central America.,Disney+
s405,TV Show,Ancient China from Above,,Dr. Allan Maca,United States,"September 18, 2020",2020,TV-14,1 Season,"Docuseries, Historical",Archaeologist Allan Maca reveals the amazing wonders of Ancient China like never before.,Disney+
s406,TV Show,Becoming,,,United States,"September 18, 2020",2020,TV-PG,1 Season,"Anthology, Docuseries, Family","Becoming chronicles the origin stories of world-class entertainers, musicians and athletes.",Disney+
s407,TV Show,Coop & Cami Ask The World,,"Ruby Turner, Dakota Lotus, Olivia Sanabia, Albert Tsai, Paxton Booth, Rebecca Metz",United States,"September 18, 2020",2018,TV-G,2 Seasons,"Comedy, Family, Kids","Cooper and Cami Wrather co-host ""Would You Wrather.""",Disney+
s408,TV Show,Europe from Above,,Julian Barratt,United Kingdom,"September 18, 2020",2019,TV-G,1 Season,"Docuseries, Reality",Europe from Above takes to the air over Europe’s finest cultural and geographical landmarks.,Disney+
s410,TV Show,Kingdom of the Mummies,,Kerry Shale,United States,"September 18, 2020",2020,TV-14,1 Season,"Docuseries, Historical, Reality",A team of archaeologists uncover the first Egyptian funeral parlor ever found.,Disney+
s413,TV Show,Once Upon a Time,,"Ginnifer Goodwin, Jennifer Morrison, Robert Carlyle, Lana Parrilla, Jared Gilmore, Josh Dallas",United States,"September 18, 2020",2011,TV-PG,7 Seasons,"Action-Adventure, Fantasy, Soap Opera / Melodrama",Fairy tale characters inhabit a land of good and evil.,Disney+
s414,TV Show,Soy Luna,,"Karol Sevilla, Ruggero Pasquarelli, Valentina Zenere, Lucila Gandolfo, Michael Ronda, Carolina Kopelioff","Argentina, Mexico","September 18, 2020",2015,TV-G,3 Seasons,"Comedy, Coming of Age, Drama",Luna will learn that love transcends distance.,Disney+
s415,TV Show,Violetta,,"Diego Ramos, Martina Stoessel, Pablo Espinosa, Jorge Blanco, Mercedes Lambre, Nicolás Garnier",Argentina,"September 18, 2020",2011,TV-G,3 Seasons,"Coming of Age, Drama, Music",Violetta is a talented teen following her dream.,Disney+
s419,TV Show,Earth to Ned,,,United States,"September 4, 2020",2020,TV-PG,1 Season,"Comedy, Parody, Science Fiction","From the Jim Henson Company, alien commander Ned hosts a late-night talk show with celebrity guests.",Disney+
s427,TV Show,"Weirdest, Bestest, Truest",,"Charlie Engelman, Kirby Engelman",,"August 21, 2020",2018,TV-G,1 Season,"Animals & Nature, Kids, Variety",Siblings Kirby and Charlie share strange discoveries and fun facts from the world of Weird But True!,Disney+
s428,TV Show,Disney Junior T.O.T.S.: Calling All T.O.T.S. (Shorts),,"Jet Jurgensmeyer, Christian Simon, Megan Hilty",,"August 14, 2020",2020,TV-Y,1 Season,"Animation, Kids, Music",What happens after the baby animals are delivered?,Disney+
s431,TV Show,Jungle Animal Rescue,,Dan Nachtrab,United States,"August 14, 2020",2019,TV-PG,1 Season,"Animals & Nature, Docuseries, Family",A team of conservationists and veterinarians helps India’s people and wildlife coexist.,Disney+
s434,TV Show,Nature Boom Time,,"Charlie Engelman, Kirby Engelman, Patrick Rahill",United States,"August 14, 2020",2016,TV-G,1 Season,"Animals & Nature, Docuseries, Kids","Charlie, Kirby, and Patrick travel around the U.S. to learn about what makes nature awesome.",Disney+
s435,TV Show,"Sam's Zookeeper Challenge",,Sam Peltz,United States,"August 14, 2020",2018,TV-G,1 Season,"Animals & Nature, Docuseries, Family",Sam is put to the test to care for animals in “Zookeeper’s Challenge.”,Disney+
s436,TV Show,"Scuba Sam's World",,Sam Peltz,United States,"August 14, 2020",2018,TV-G,1 Season,"Animals & Nature, Docuseries, Kids",Take a deep dive and learn all about the beloved sea animals in our oceans!,Disney+
s437,TV Show,Spaced Out,,Ben DeTour,,"August 14, 2020",2018,TV-G,1 Season,"Docuseries, Kids",Learn about our universe through imagery taken from the Hubble Space Telescope.,Disney+
s439,TV Show,Weird But True!,,"Charlie Engelman, Kirby Engelman",United States,"August 14, 2020",2017,TV-G,3 Seasons,"Animals & Nature, Kids, Variety","Come along as we reveal fun, strange & surprising facts about our world in Weird But True!",Disney+
s440,TV Show,Wild Cats of India,,James Murray,United States,"August 14, 2020",2020,TV-PG,1 Season,"Animals & Nature, Docuseries, Family","Journey across the country’s landscapes to paint an intimate portrait of India's Wild Cats.",Disney+
s446,TV Show,UFO Europe: The Untold Stories,,Robert Ashby,,"August 7, 2020",2012,TV-PG,1 Season,"Docuseries, Reality",A selection of stories featuring encounters and sightings of the unexplained.,Disney+
s447,TV Show,Animal Showdown,,Brian Peck,,"July 31, 2020",2018,TV-G,1 Season,"Animals & Nature, Docuseries, Family",Animals face-off in this surprising competition of the toughest and biggest in the animal kingdom.,Disney+
s448,TV Show,Best Job Ever,,,,"July 31, 2020",2018,TV-G,1 Season,"Animals & Nature, Docuseries, Family",Check out the cool jobs Nat Geo explorers do every day!,Disney+
s452,TV Show,Destination World,,Rick Robles,,"July 31, 2020",2018,TV-G,1 Season,"Animals & Nature, Docuseries, Kids",Check out the continents and find out what makes them unique from each other!,Disney+
s453,TV Show,Fearless Adventures with Jack Randall,,Jack Randall,,"July 31, 2020",2018,TV-PG,1 Season,"Animals & Nature, Docuseries, Family",Check out Jack Randall go head-to-head with all kinds of critters.,Disney+
s456,TV Show,King Fishers,,Stephen Mangan,United Kingdom,"July 31, 2020",2013,TV-PG,1 Season,"Action-Adventure, Animals & Nature, Docuseries","With so many fishermen and so many fishing disciplines, who is best?",Disney+
s458,TV Show,Marvel Funko Shorts,,,,"July 31, 2020",2016,TV-Y7,2 Seasons,"Action-Adventure, Animation, Anthology",Marvel and Funko present Pop! style Marvel heroes.,Disney+
s459,TV Show,Muppets Now,,"Dave Goelz, Matt Vogel, David Rudman, Peter Linz, Bill Barretta, Eric Jacobson",United States,"July 31, 2020",2020,TV-PG,1 Season,"Comedy, Family, Lifestyle",The Muppets have a brand-new series ready to stream… but only if they can upload it in time.,Disney+
s461,TV Show,What Sam Sees,,Sam Peltz,,"July 31, 2020",2018,TV-G,1 Season,"Animals & Nature, Docuseries, Family","Join Sam on an underwater journey and learn about sharks, eels, and more!",Disney+
s463,TV Show,PJ Masks (Shorts),,,,"July 24, 2020",2017,TV-Y,1 Season,"Action-Adventure, Animation, Kids",The PJ Masks are protecting the city from villains!,Disney+
s464,TV Show,Rogue Trip,,"Bob Woodruff, Mack Woodruff",,"July 24, 2020",2020,TV-PG,1 Season,"Buddy, Docuseries",Bob Woodruff and his son travel the world searching for beauty and adventure in unexpected places.,Disney+
s465,TV Show,Wild Congo,,Corey Johnson,,"July 24, 2020",2014,TV-PG,1 Season,"Animals & Nature, Docuseries, Family",The Congo: the most mysterious river in the dark heart of Africa.,Disney+
s466,TV Show,Wild Sri Lanka,,Paul McGann,United Kingdom,"July 24, 2020",2016,TV-PG,1 Season,"Animals & Nature, Docuseries",This three-part series reveals the spectacular nature and amazing wildlife of Sri Lanka.,Disney+
s469,TV Show,Disney Junior Music Lullabies,,,,"July 17, 2020",2018,TV-Y,1 Season,"Animation, Kids, Music",Disney Junior songs reimagined as calming lullabies.,Disney+
s471,TV Show,Super Robot Monkey Team Hyperforce Go!,,"Greg Cipes, Kevin Michael	Richardson, Tom Kenny, Kari Wahlgren, Clancy Brown, Corey Feldman","United States, Japan","July 17, 2020",2004,TV-Y7,2 Seasons,"Action-Adventure, Animation, Anime",Chiro and a team of five Robot Monkeys defend Shuggazoom City against Skeleton King and his minions.,Disney+
s473,TV Show,Wild Chile,,Peter Venn,United Kingdom,"July 17, 2020",2017,TV-PG,1 Season,"Animals & Nature, Docuseries, Family",This beautiful and intriguing blue-chip series explores the incredibly varied wildlife of Chile.,Disney+
s475,TV Show,Cosmos: A Spacetime Odyssey,,"Neil Tyson, Stoney Emshwiller",United States,"July 10, 2020",2013,TV-PG,1 Season,"Action-Adventure, Docuseries, Family",A 13-part adventure across the universe of space and time.,Disney+
s480,TV Show,Animal ER,,Dr. Brian Beale,United States,"July 3, 2020",2016,TV-PG,2 Seasons,"Animals & Nature, Docuseries, Family",Animal ER brings you up close to the bleeding edge of animal care.,Disney+
s488,TV Show,Disney A.N.T. Farm,,"China McClain, Sierra McCormick, Jake Short, Stefanie Scott, Carlon Jeffery",United States,"June 26, 2020",2011,TV-G,3 Seasons,"Comedy, Coming of Age, Music",Chyna Sparks and her friends are the newest members of the A.N.T. program.,Disney+
s489,TV Show,Into the Unknown: Making Frozen 2,,"Kristen Bell, Idina Menzel, Josh Gad, Jonathan Groff, Jennifer Lee, Chris Buck",United States,"June 26, 2020",2020,TV-PG,1 Season,"Docuseries, Family","For the first time, go behind-the-scenes into the making of the #1 animated film, Frozen 2.",Disney+
s495,TV Show,101 Dalmatians (Series),,"Jeff Bennett, Christine Cavanaugh, Tara Charendoff, Jim Cummings, Tress MacNeille, Charlotte Rae",,"June 19, 2020",1997,TV-Y7,1 Season,"Action-Adventure, Animation, Kids",The Dearly Family move to a new farm home in the country.,Disney+
s497,TV Show,Disney Junior Muppet Babies Play Date,,,,"June 19, 2020",2018,TV-Y,1 Season,"Comedy, Kids",Time for a playdate with the Muppet Babies!,Disney+
s504,TV Show,Mighty Med,,"Bradley Perry, Jake Short, Paris Berelc, Devan Leos",United States,"June 12, 2020",2013,TV-Y7,2 Seasons,"Comedy, Coming of Age, Medical","Check in to Mighty Med, the secret superhero hospital.",Disney+
s508,TV Show,"Alaska's Grizzly Gauntlet",,Les Stroud,United States,"June 5, 2020",2018,TV-PG,1 Season,"Animals & Nature, Docuseries, Family",Survival expert Les Stroud explores the world of Alaska’s most formidable wildlife.,Disney+
s511,TV Show,"Howie Mandel's Animals Doing Things",,Howie Mandel,United States,"June 5, 2020",2017,TV-PG,2 Seasons,"Animals & Nature, Comedy, Family",This show combines Howie Mandel’s lovable comedic genius with clips of animals doing crazy things.,Disney+
s512,TV Show,Japan: Between Earth and Sky,,Bray Poor,"France, Japan","June 5, 2020",2017,TV-PG,1 Season,"Animals & Nature, Docuseries",Japan: Between Earth and Sky reveals the mystery of some the most beautiful sites in the country.,Disney+
s514,TV Show,Secrets of Wild India,,David Attenborough,United Kingdom,"June 5, 2020",2012,TV-PG,1 Season,"Animals & Nature, Docuseries, Family","'Secrets of Wild India' celebrates the diversity and drama of India's extraordinary landscapes.",Disney+
s515,TV Show,The Greeks,,Toby Moore,United States,"June 5, 2020",2016,TV-PG,1 Season,"Docuseries, Historical","Quite simply, the Greeks created our world.",Disney+
s516,TV Show,Wild Hawaii,,JK Simmons,United States,"June 5, 2020",2014,TV-PG,1 Season,"Animals & Nature, Docuseries, Family","National Geographic takes us on an untamed journey to Hawaii's remarkable lands.",Disney+
s520,TV Show,The Evermoor Chronicles,,"Naomi Sequeira, Finney Cassidy, Georgia Lock, Jordan Loughran, George Sear, Georgie Farmer","United Kingdom, United States","May 29, 2020",2015,TV-PG,2 Seasons,"Coming of Age, Fantasy, Mystery",Tara is trying to settle into a strange village.,Disney+
s522,TV Show,Doc McStuffins,,"Kiara Muhammad, Jaden Betts, Jess Harnell, Kimberly Brooks, Lara Miller, Loretta Devine","United States, Ireland","May 22, 2020",2011,TV-Y7,5 Seasons,"Animation, Kids, Medical",Doc McStuffins has a clinic for toys in her playhouse.,Disney+
s525,TV Show,"Marvel's Future Avengers",,"英司 花輪, 一博 中谷, 康之 加瀬, 健一郎 松田, かおり 水橋, 史絵 水沢",,"May 22, 2020",2017,TV-Y7,2 Seasons,"Action-Adventure, Animation, Anime",Teenagers train to become superheroes.,Disney+
s527,TV Show,The Big Fib,,,United States,"May 22, 2020",2019,TV-PG,1 Season,"Family, Game Show / Competition",The Big Fib is a comedy game show where a truth-seeking kid chooses between a liar and an expert.,Disney+
s529,TV Show,"It's a Dog's Life with Bill Farmer",,Bill Farmer,United States,"May 15, 2020",2020,TV-PG,1 Season,"Animals & Nature, Docuseries, Family","As the voice of Goofy and Pluto, Bill Farmer crosses the country meeting dogs doing incredible work!",Disney+
s533,TV Show,Awesome Animals,,,,"May 1, 2020",2017,TV-PG,1 Season,"Animals & Nature, Docuseries, Family",National Geographic Kids presents a natural history series just for kids.,Disney+
s534,TV Show,Birth of Europe,,Mark Halliley,United Kingdom,"May 1, 2020",2014,TV-G,1 Season,Docuseries,Birth of Europe reveals the extraordinary story of how Europe has been created by Nature’s forces.,Disney+
s536,TV Show,Buried Secrets Of The Bible With Albert Lin,,Albert Lin,,"May 1, 2020",2019,TV-PG,1 Season,"Action-Adventure, Docuseries, Historical",Albert Lin investigates two great stories of the Bible.,Disney+
s537,TV Show,Disney Prop Culture,,Daniel Lanigan,United States,"May 1, 2020",2020,TV-PG,1 Season,Docuseries,"Collector Dan Lanigan reunites iconic Disney movie props with filmmakers, actors, and crew.",Disney+
s543,TV Show,Lost Treasures Of Egypt,,Rick Robles,United Kingdom,"May 1, 2020",2018,TV-PG,1 Season,"Docuseries, Historical","An immersive, discovery-led series following teams of archaeologists in Egypt.",Disney+
s544,TV Show,Love & Vets,,Mallory Kasdan,United States,"May 1, 2020",2017,TV-PG,1 Season,"Animals & Nature, Docuseries, Family",We watch as doctors Will and Fran divide and conquer to treat the steady flow of claw-clad patients.,Disney+
s546,TV Show,Prairie Dog Manor,,Kevin Conway,United States,"May 1, 2020",2019,TV-PG,1 Season,"Animals & Nature, Docuseries, Reality",Each episode takes the audience on a first-person journey following a few of the prairie dogs.,Disney+
s549,TV Show,United States Of Animals,,Quincy Dunn-Baker,United States,"May 1, 2020",2015,TV-PG,1 Season,"Animals & Nature, Docuseries, Family",United States of Animals takes you on a fascinating journey across the United States.,Disney+
s550,TV Show,Unlikely Animal Friends,,Mark Keller,United States,"May 1, 2020",2012,TV-G,3 Seasons,"Animals & Nature, Docuseries, Family",This series reveals the stories of unlikely duos that have struck up unusual relationships.,Disney+
s554,TV Show,"America's Funniest Home Videos",,Tom Bergeron,United States,"April 24, 2020",1989,TV-PG,9 Seasons,"Comedy, Family, Fantasy",Home videos compete for cash prizes. Program is presented as originally created.,Disney+
s556,TV Show,Tangled: The Series,,"Zachary Levi, Mandy Moore, Eden Espinosa, Clancy Brown",United States,"April 23, 2020",2016,TV-Y7,3 Seasons,"Action-Adventure, Animation, Comedy",Rapunzel must discover the secret of her hair.,Disney+
s558,TV Show,Brain Games,,Neil Harris,United States,"April 17, 2020",2011,TV-G,8 Seasons,"Docuseries, Family, Game Show / Competition",Brain Games features games & experiments revealing the science of how your brain works.,Disney+
s559,TV Show,"Disney Mickey and the Roadster Racers - Chip 'N' Dale's Nutty Tales (Shorts)",,"Tress MacNeille, Corey Burton, Bret Iwan, Russi Taylor, Bill Farmer, Daniel Ross",,"April 17, 2020",2017,TV-Y,2 Seasons,"Action-Adventure, Animation, Buddy",Chip and Dale set off on nutty adventures!,Disney+
s562,TV Show,Tron Uprising,,"Elijah Wood, Bruce Boxleitner, Emmanuelle Chriqui, Mandy Moore, Nate Corddry, Lance Henriksen",United States,"April 14, 2020",2011,TV-Y7,1 Season,"Action-Adventure, Animation, Kids","Inside the computer world of the grid, Beck becomes the unlikely leader of a revolution.",Disney+
s564,TV Show,Disney Playtime with Puppy Dog Pals (Shorts),,,,"April 10, 2020",2017,TV-Y,2 Seasons,"Animation, Kids",Come play with the Puppy Dog Pals!,Disney+
s566,TV Show,Paradise Islands,,Michael Izqueirdo,,"April 10, 2020",2017,TV-PG,1 Season,"Animals & Nature, Docuseries, Family",The islands that lie between Asia and Australia can claim to be the biologically richest on earth.,Disney+
s567,TV Show,"Tut's Treasures: Hidden Secrets",,Mark Bazeley,United Kingdom,"April 10, 2020",2018,TV-PG,1 Season,"Docuseries, Historical",The pharaoh’s priceless grave goods are being reunited for the first time since their discovery.,Disney+
s579,TV Show,Fish Hooks,,"Chelsea Kane, Kyle Massey, Justin Roiland",United States,"April 3, 2020",2010,TV-G,3 Seasons,"Animation, Comedy, Coming of Age","Milo, Bea and Oscar are three BFFs, best fish friends.",Disney+
s589,TV Show,Sonny With A Chance,,"Demi Lovato, Tiffany Thornton, Sterling Knight, Brandon Smith, Doug Brochu, Allisyn Arm",United States,"April 3, 2020",2008,TV-G,2 Seasons,"Comedy, Coming of Age, Romance",A teen girl is selected from a nationwide search to join the cast of a sketch-comedy series.,Disney+
s599,TV Show,Be Our Chef,,Angela Kinsey,,"March 27, 2020",2020,TV-G,1 Season,"Family, Game Show / Competition",Angela Kinsey hosts five families in a Disney-inspired cooking competition.,Disney+
s601,TV Show,"Disney I Didn't Do It",,"Olivia Holt, Austin North, Piper Curda, Peyton Clark, Sarah Gilman",United States,"March 20, 2020",2013,TV-G,2 Seasons,"Comedy, Family",Fraternal twins try to explain exactly what just happened.,Disney+
s602,TV Show,Disney Insider,,,United States,"March 20, 2020",2020,TV-PG,1 Season,"Anthology, Docuseries","“Disney Insider” tells the stories behind Disney’s films, parks, destinations, toys & more.",Disney+
s603,TV Show,Disney Vampirina Ghoul Girls Rock! (Shorts),,"Isabella Crovetti, Jordan Davis, ViviAnn Yee, Mitchell Whitfield, Wanda Sykes, Ian Corlett",,"March 20, 2020",2017,TV-Y7,2 Seasons,"Animation, Fantasy, Kids",Rock out to music videos from The Ghoul Girls!,Disney+
s611,TV Show,101 Dalmatian Street,,"Josh Brener, Michaela Dietz, Ella Kenion, Rhashan Stone","United Kingdom, United States, Canada","February 28, 2020",2018,TV-Y7,1 Season,"Action-Adventure, Animation, Comedy",Pups Dolly and Dylan adventure to find their spots.,Disney+
s613,TV Show,Shop Class,,,,"February 28, 2020",2020,TV-G,1 Season,"Family, Game Show / Competition",Teams are challenged with designing and building their very unique creations.,Disney+
s615,TV Show,Star Wars Resistance,,"Christopher Sean, Josh Brener, Scott Lawrence, Suzie McGrath, As Himself",United States,"February 25, 2020",2018,TV-Y7,2 Seasons,"Action-Adventure, Animation, Kids","Kaz begins his spy mission, but is in over his head.",Disney+
s616,TV Show,Lost Cities With Albert Lin,,Dr. Albert Len,United States,"February 21, 2020",2019,TV-PG,1 Season,"Action-Adventure, Docuseries, Historical",This series delivers stories with hi-tech imagery to bring the mysteries of the past to life.,Disney+
s619,TV Show,Star Wars: The Clone Wars,,"Tom Kane, Matt Lanter, Ashley Eckstein, James Arnold Taylor, Dee Baker, Corey Burton",United States,"February 21, 2020",2008,TV-PG,7 Seasons,"Action-Adventure, Animation, Science Fiction","The saga continues, set in a faraway galaxy!",Disney+
s622,TV Show,Fairy Tale Weddings,,"Stephen Boss, Allison Holker",United States,"February 14, 2020",2017,TV-PG,2 Seasons,"Docuseries, Family, Lifestyle","A behind-the-scenes look at Disney's magical weddings.",Disney+
s625,TV Show,"That's So Raven",,"Raven , Orlando Brown, Kyle Massey, Anneliese van der Pol, T’Keyah Keymáh, Rondell Sheridan",United States,"February 8, 2020",2002,TV-G,4 Seasons,"Comedy, Coming of Age, Fantasy",Raven Baxter is a typical teenager who just happens to be psychic.,Disney+
s633,TV Show,Diary of a Future President,,"Tess Romero, Selenis Leyva, Charlie Bushnell, Michael Weaver",United States,"January 17, 2020",2020,TV-PG,2 Seasons,"Comedy, Coming of Age, Family","Elena Cañero-Reed will one day become the U.S. President, but for now, she’s in middle school.",Disney+
s634,TV Show,High School Musical: The Musical: The Series: The Sing-Along,,"Olivia Rodrigo, Joshua Bassett, Matt Cornett, Sofia Wylie, Larry Saperstein",,"January 17, 2020",2019,TV-PG,1 Season,"Comedy, Coming of Age, Drama",Sing along as the East High Wildcats put on a production of High School Musical: The Musical!,Disney+
s635,TV Show,"America's National Parks",,C.T. Taylor,United States,"January 15, 2020",2015,TV-14,1 Season,"Animals & Nature, Docuseries",Experience the breathtaking landscapes and majestic animals of eight U.S. National Parks.,Disney+
s636,TV Show,Continent 7: Antarctica,,Chris Browning,United States,"January 15, 2020",2016,TV-PG,1 Season,"Action-Adventure, Animals & Nature, Docuseries",Experience how science is conducted as scientists and survival experts join forces in Antarctica.,Disney+
s637,TV Show,Disney Randy Cunningham: 9th Grade Ninja,,"Ben Schwartz, Andrew Caldwell, Tim Curry, John DiMaggio, Kevin Richardson, Dave Wittenberg","United Kingdom, United States, Ireland","January 15, 2020",2011,TV-Y7,2 Seasons,"Action-Adventure, Animation, Comedy",Randy is an average freshman until he is chosen as The Ninja.,Disney+
s638,TV Show,Muppet Babies Show and Tell (Shorts),,"Matt Danner, Melanie Harrison, Ben Diskin, Eric Bauza, Dee Baker, Jessica DiCicco",,"January 15, 2020",2017,TV-Y7,1 Season,"Animation, Kids","It's Show and Tell time in the playroom!",Disney+
s639,TV Show,The Lodge,,"Sophie Simnett, Luke Newton, Thomas Doherty, Bethan Wright, Jayden Revri, Jade Alleyne",United Kingdom,"January 15, 2020",2016,TV-G,2 Seasons,"Coming of Age, Drama, Musical",A city girl starts a new life in the country.,Disney+
s640,TV Show,Wild Russia,,Liam Teeling,,"January 15, 2020",2018,TV-PG,1 Season,"Animals & Nature, Docuseries","From mountains to desert, volcanoes to ice, explore Russia’s scenic beauty and iconic wildlife.",Disney+
s644,TV Show,"Marvel's Runaways",,"Rhenzy Feliz, Lyrica Okano, Virginia Gardner, Ariela Barer, Gregg Sulkin, Allegra Acosta",United States,"January 10, 2020",2017,TV-14,3 Seasons,"Coming of Age, Drama, Science Fiction",Six kids learn their parents hide a terrible secret.,Disney+
s647,TV Show,Austin & Ally,,"Ross Lynch, Laura Marano, Raini Rodriguez, Calum Worthy",United States,"January 1, 2020",2011,TV-G,4 Seasons,"Comedy, Coming of Age, Kids","Austin, a musician, and Ally, a songwriter, form a team.",Disney+
s648,TV Show,"Billy Dilley's Super-Duper Subterranean Summer",,"Aaron Springer, Catherine Wayne, Tom Kenny",United States,"January 1, 2020",2016,TV-Y7,1 Season,"Animation, Comedy, Fantasy","Billy and his friends get stuck inside Earth's core.",Disney+
s664,TV Show,First Class Chefs: Family Style,,"Gia Ré, Matt Tebbutt",,"January 1, 2020",2015,TV-Y7,1 Season,"Family, Game Show / Competition",First Class Chefs: Family Style is a cooking competition for the whole family!,Disney+
s669,TV Show,One Strange Rock,,Will Smith,United States,"January 1, 2020",2017,TV-PG,1 Season,"Animals & Nature, Docuseries, Family","Hosted by Will Smith, One Strange Rock reveals the twists of fate that allow life to thrive on Earth",Disney+
s670,TV Show,Out There with Jack Randall,,Jack Randall,,"January 1, 2020",2019,TV-14,1 Season,"Action-Adventure, Animals & Nature, Docuseries",Zoologist Jack Randall searches for dangerous animals in the most unforgiving environments on earth.,Disney+
s672,TV Show,The Proud Family,,"Tommy Davidson, Paula Parker, Jo Payton, Kyla Pratt, Tara Strong, Karen White",United States,"January 1, 2020",2001,TV-G,2 Seasons,"Animation, Comedy, Coming of Age","Follow the adventures of Penny, a typical African American girl navigating through teen-dom.",Disney+
s673,TV Show,The Super Hero Squad,,"Grey DeLisle, Steve Blum, Mikey Kelly, Charlie Adler, Mark Hamill, Tom Kenny",United States,"January 1, 2020",2009,TV-Y7,2 Seasons,"Action-Adventure, Animation, Comedy",The greatest heroes on the planet unite to face the greatest villains in the Super Hero Squad.,Disney+
s674,TV Show,Year Million,,Laurence Fishburne,United States,"January 1, 2020",2016,TV-PG,1 Season,"Docuseries, Science Fiction","Explore what human life might be like, one million years into the future.",Disney+
s680,TV Show,Pick of the Litter,,,United States,"December 20, 2019",2019,TV-PG,1 Season,"Animals & Nature, Docuseries, Family",Watch an adorable group of six dogs on their quest to become guides for Guide Dogs for the Blind.,Disney+
s685,TV Show,One Day at Disney (Shorts),,,,"December 6, 2019",2019,TV-PG,1 Season,"Anthology, Docuseries, Family",Meet the diverse group of people behind some of Disney’s most magical stories.,Disney+
s687,TV Show,Disney The Lion Guard,,"Max Charles, Diamond White, Dusan Brown, Atticus Shaffer, Joshua Rush",United States,"December 3, 2019",2015,TV-Y,3 Seasons,"Action-Adventure, Animation, Comedy",The Lion Guard has assembled and now they will DEFEND!,Disney+
s689,TV Show,Disney Star vs. the Forces of Evil,,"Eden Sher, Adam McArthur",United States,"December 1, 2019",2014,TV-Y7,4 Seasons,"Action-Adventure, Animation, Comedy",Star battles villains throughout the multiverse.,Disney+
s692,TV Show,Henry Hugglemonster,,"Lara Miller, Tom Kenny, Chiara Zanni, Lori Alan, Hynden Walch, Kari Wahlgren","Ireland, United Kingdom, United States, South Korea, Canada","December 1, 2019",2012,TV-Y,2 Seasons,"Animation, Fantasy, Kids",Hugglemonsters always find a way!,Disney+
s696,TV Show,Miles From Tomorrowland,,"Olivia Munn, Cullen McCarthy, Fiona Bishop, Dee Baker, Tom Kenny",United States,"December 1, 2019",2014,TV-Y,2 Seasons,"Action-Adventure, Animation, Kids",Blastastic! Join Miles and his family in outer space!,Disney+
s697,TV Show,"Sheriff Callie's Wild West",,"Mandy Moore, Lucas Grabeel","United States, South Korea, France","December 1, 2019",2011,TV-Y,2 Seasons,"Animation, Kids, Western",Come and see how the West was fun with Sheriff Callie!,Disney+
s698,TV Show,Supercar Megabuild,,Dom Joly,United States,"December 1, 2019",2016,TV-PG,2 Seasons,"Buddy, Docuseries, Lifestyle",A team of top car mechanics create awesome supercar megabuilds.,Disney+
s705,TV Show,Mickey Mouse Roadster Racers,,"Bret Iwan, Russi Taylor, Bill Farmer, Daniel Ross, Tress MacNeille",,"November 20, 2019",2017,TV-Y,2 Seasons,"Animation, Kids, Sports",The Sensational Six race roadsters around the world!,Disney+
s729,TV Show,Andi Mack,,"Peyton Lee, Joshua Rush, Sofia Wylie, Asher Angel, Lilan Bowden, Lauren Tom",United States,"November 12, 2019",2016,TV-G,3 Seasons,"Comedy, Coming of Age, Drama","Andi's life is shaken by her sister, Bex's, surprise.",Disney+
s749,TV Show,Best Friends Whenever,,"Lauren Taylor, Shelby Bender, Gus Kamp, Ricky Garcia, Benjamin Royer, Matthew Royer",United States,"November 12, 2019",2015,TV-G,2 Seasons,"Buddy, Comedy, Coming of Age",Best friends gain the ability to travel through time!,Disney+
s750,TV Show,Big City Greens (Shorts),,,,"November 12, 2019",2017,TV-Y7,1 Season,"Action-Adventure, Animation, Comedy",Head to the big city with the Green family!,Disney+
s752,TV Show,Big Hero 6 The Series (Shorts),,,,"November 12, 2019",2017,TV-Y7,2 Seasons,"Action-Adventure, Animation, Comedy",The team introduces Baymax to everyday activities.,Disney+
s758,TV Show,Bonkers,,"Charlie Adler, Corey Burton, Jesse Corti, Jim Cummings, Frank Welker, Gregg Berger","United States, Hong Kong, South Korea, France, Canada, China, United Kingdom, Australia, Japan, Taiwan, Philippines","November 12, 2019",1993,TV-G,1 Season,"Animation, Comedy, Kids",A washed-up cartoon star begins a new life as the first toon cop in Hollywood.,Disney+
s760,TV Show,Boy Meets World,,"Ben Savage, William Daniels, Betsy Randle, Will Friedle, Rider Strong, Lee Norris",United States,"November 12, 2019",1993,TV-PG,7 Seasons,"Comedy, Coming of Age, Family","Adolescent Cory Matthews grows up, and faces problems with friends, family, and school.",Disney+
s768,TV Show,Bug Juice: My Adventures at Camp,,,United States,"November 12, 2019",2017,TV-G,1 Season,"Coming of Age, Docuseries, Family",Camp Waziyatah opens its doors for a fun summer.,Disney+
s791,TV Show,"Chip 'n Dale's Rescue Rangers",,"Corey Burton, Peter Cullen, Jim Cummings, Tress MacNeille","United States, Taiwan, South Korea, China, Japan, United Kingdom","November 12, 2019",1989,TV-G,1 Season,"Action-Adventure, Animation, Comedy",Chip and Dale head a small group of animal characters who monitor the human and animal communities.,Disney+
s800,TV Show,Coop & Cami Ask The World (Shorts),,,,"November 12, 2019",2018,TV-G,1 Season,"Comedy, Family, Game Show / Competition","Cooper and Cami Wrather co-host ""Would You Wrather.""",Disney+
s803,TV Show,Crash & Bernstein,,"Cole Jensen, Tim Lagasse, Landry Bender, Oana Gregory, Aaron Landon",United States,"November 12, 2019",2012,TV-Y7,2 Seasons,"Comedy, Fantasy, Kids","The only boy in a family, Wyatt creates a puppet brother.",Disney+
s806,TV Show,Darkwing Duck,,"Jim Cummings, Christine Cavanaugh, Terry McGovern, Frank Welker",United States,"November 12, 2019",1991,TV-Y7,2 Seasons,"Action-Adventure, Animation, Kids","Darkwing Duck tells the adventures of the superhero, aided by his sidekick Launchpad McQuack.",Disney+
s818,TV Show,Disney Bizaardvark,,"Madison Hu, Olivia Rodrigo, Jake Paul, DeVore Ledridge, Ethan Wacker",United States,"November 12, 2019",2015,TV-PG,3 Seasons,"Buddy, Comedy, Family",Paige and Frankie produce an online comedy channel.,Disney+
s821,TV Show,Disney Descendants Wicked World (Shorts),,,United States,"November 12, 2019",2015,TV-G,2 Seasons,"Animation, Coming of Age, Fantasy",Descendants continues with new animated shorts!,Disney+
s822,TV Show,Disney DuckTales (Shorts),,,,"November 12, 2019",2016,TV-Y7,1 Season,"Action-Adventure, Animation, Comedy",The McDuck family welcomes you to Duckburg!,Disney+
s823,TV Show,Disney Evermoor,,"Naomi Sequeira, Jordan Loughran, Belinda Stewart-Wilson, Dan Fredenburgh, George Sear, Georgie Farmer",,"November 12, 2019",2017,TV-PG,1 Season,Series,Tara Crossley moves to Evermoor and realizes the English countryside is not as sleepy as it seems.,Disney+
s824,TV Show,Disney Family Sundays,,,United States,"November 12, 2019",2019,TV-G,1 Season,"Anthology, Family, Lifestyle",Amber Kemp-Gerstel shares her love of crafting in a series of Disney-themed DIY projects.,Disney+
s825,TV Show,Disney Fast Layne,,"Sophie Pollono, Sofia Rosinsky, Brandon Rossel, Winslow Fegley",United States,"November 12, 2019",2018,TV-G,1 Season,"Action-Adventure, Animation, Comedy",Twelve-year-old Layne Reed discovers a talking car.,Disney+
s827,TV Show,Disney Gravity Falls,,"Kristen Schaal, Jason Morgan, Alex Hirsch",United States,"November 12, 2019",2011,TV-Y7,2 Seasons,"Action-Adventure, Animation, Comedy",Dipper and Mabel spend the summer with Grunkle Stan.,Disney+
s828,TV Show,Disney Gravity Falls (Shorts),,,,"November 12, 2019",2012,TV-G,1 Season,"Animation, Anthology, Comedy",Twins Dipper and Mabel enter the mysterious town of Gravity Falls for the summer.,Disney+
s829,TV Show,Disney Jake and the Never Land Pirates,,"Madison Pettis, Colin Ford, Jonathan Heit, David Arquette, Corey Burton",United States,"November 12, 2019",2010,TV-Y,4 Seasons,"Action-Adventure, Animation, Fantasy",Jake sails for a treasure hunt against Captain Hook.,Disney+
s830,TV Show,Disney JONAS,,"Kevin Jonas, Joe Jonas, Nick Jonas, Chelsea Staub, Nicole Anderson, John Ducey",United States,"November 12, 2019",2008,TV-G,2 Seasons,"Comedy, Family, Kids","JONAS is the hottest rock band on the planet! Band members Nick, Kevin, and Joe are superstar idols.",Disney+
s831,TV Show,Disney Junior Music Nursery Rhymes,,,,"November 12, 2019",2017,TV-Y,2 Seasons,"Animation, Kids, Musical",Nursery Rhymes re-imagined with Disney Junior!,Disney+
s832,TV Show,Disney K.C. Undercover,,"Zendaya , Veronica Dunne, Kamil McFadden, Tammy Townsend, Kadeem Hardison",United States,"November 12, 2019",2014,TV-Y7,3 Seasons,"Action-Adventure, Comedy, Kids",K.C. joins her spy family as its newest secret agent.,Disney+
s833,TV Show,Disney Lab Rats: Elite Force,,"William Brent, Bradley Perry, Jake Short, Paris Berelc, Kelli Berglund",United States,"November 12, 2019",2015,TV-Y7,1 Season,"Action-Adventure, Comedy, Coming of Age",The Lab Rats join forces with the Mighty Med team.,Disney+
s834,TV Show,Disney Legend of the Three Caballeros,,"Tony Anselmo, Jaime Camil, Eric Bauza, Grey Griffin, Wayne Knight, Kevin Richardson",United States,"November 12, 2019",2017,TV-G,1 Season,"Action-Adventure, Animation, Comedy","Donald, Jose and Panchito inherit a magical atlas and travel the world battling mythical monsters.",Disney+
s835,TV Show,Disney Mickey Mouse Clubhouse,,"Wayne Allwine, Jim Cummings, Russi Taylor, Tony Anselmo, Bill Farmer, Tress MacNeille",United States,"November 12, 2019",2005,TV-Y,5 Seasons,"Animation, Kids",Mickey leads kids on an interactive adventure of learning.,Disney+
s836,TV Show,"Disney Milo Murphy's Law",,"Al Yankovic, Sabrina Carpenter, Mekai Curtis",United States,"November 12, 2019",2016,TV-Y7,2 Seasons,"Action-Adventure, Animation, Comedy","Around Milo, anything that can go wrong, will.",Disney+
s837,TV Show,"Disney Minnie's Bow-Toons (Shorts)",,,United States,"November 12, 2019",2011,TV-Y,3 Seasons,"Animation, Kids",Minnie Mouse teams up with Daisy to open up Minnie’s Bow-tique.,Disney+
s838,TV Show,Disney Stuck In The Middle,,"Jenna Ortega, Ronni Hawk, Isaak Presley, Ariana Greenblatt, Kayla Maisonet, Nicolas Bechtel",United States,"November 12, 2019",2015,TV-PG,3 Seasons,"Comedy, Coming of Age, Family",Harley is stuck in the middle of a family with 7 kids!,Disney+
s839,TV Show,Disney Take Two With Phineas And Ferb (Shorts),,,United States,"November 12, 2019",2010,TV-G,1 Season,"Animation, Kids, Parody",Real-life celebrities are interviewed by Phineas and Ferb.,Disney+
s840,TV Show,Disney Tangled: The Series - Short Cuts,,,,"November 12, 2019",2016,TV-Y7,1 Season,"Action-Adventure, Animation, Comedy",Get to know the colorful residents of Corona.,Disney+
s842,TV Show,"Disney's Adventures Of The Gummi Bears",,"Bill Scott, Christian Jacobs, Brett Johnson, David Faustino, Paul Winchell, Jason Marsden",United States,"November 12, 2019",1985,TV-Y7,6 Seasons,"Action-Adventure, Animation, Fantasy",The magical Gummi Bears discover their rich history.,Disney+
s843,TV Show,"Disney's Doug",,"Connie Shulman, Doug Preis, Alice Playten, Chris Phillips, Fred Newman, Thomas McHugh",United States,"November 12, 2019",1996,TV-Y7,3 Seasons,"Animation, Comedy, Coming of Age","Doug uses his imagination to navigate through tests of friendship, love, school, and growing up.",Disney+
s846,TV Show,"Disney's Hercules: The Animated Series",,"Tate Donovan, Sandra Bernhard, Robert Costanzo, Matt Frewer, Bobcat Goldthwait, French Stewart",United States,"November 12, 2019",1998,TV-Y7,1 Season,"Action-Adventure, Animation, Comedy","Follow Herc's many labors during the years he spent training on how to be a hero.",Disney+
s847,TV Show,"Disney's Kim Possible",,"Christy Romano, Will Friedle, Nancy Cartwright, Tahj Mowry","United States, Philippines, South Korea","November 12, 2019",2001,TV-G,4 Seasons,"Action-Adventure, Animation, Comedy","Kim Possible is a high school girl who, in her spare time, saves the world from evil villains.",Disney+
s848,TV Show,"Disney's Little Einsteins",,"Erica Huang, Aiden Pompey, Jesse Schwartz, Natalia Wojcik",United States,"November 12, 2019",2005,TV-Y,2 Seasons,"Action-Adventure, Animation, Kids",This innovative new series provides preschoolers with new ways to hear and see music and art.,Disney+
s849,TV Show,"Disney's Mighty Ducks",,"James Belushi, Brad Garrett, Jeff Bennett, Jennifer Hale, Clancy Brown, Tony Jay",United States,"November 12, 2019",1996,TV-Y7,1 Season,"Action-Adventure, Animation, Comedy",Hockey-loving alien ducks are stranded on Earth and must protect it from the evil Dragaunus.,Disney+
s850,TV Show,"Disney's Recess",,"Rickey Collins, Jason Davis, Ashley Johnson, Ross Malinger, Courtland Mead, Pamela Segall",United States,"November 12, 2019",1997,TV-Y7,3 Seasons,"Animation, Comedy, Kids",A portrayal of life at Third Street Elementary School.,Disney+
s851,TV Show,"Disney's The Emperor's New School",,"Shane Baumel, Jessica DiCicco, Wendie Malick, Fred Tatasciore, Jeff Bennett, Jessie Flower",United States,"November 12, 2019",2005,TV-G,2 Seasons,"Animation, Comedy, Coming of Age","Disney's The Emperor's New School is a unique comedy about Kuzco, a self-centered and spoiled teen.",Disney+
s853,TV Show,"Disney's The Little Mermaid (Series)",,"Jodi Benson, Samuel Wright, Ken Mars, Edan Gross",United States,"November 12, 2019",1992,TV-Y7,3 Seasons,"Action-Adventure, Animation, Fantasy","Follow Ariel's adventures as a mermaid living under the sea with her father, King Triton.",Disney+
s862,TV Show,Dog Whisperer with Cesar Millan,,Cesar Millan,United States,"November 12, 2019",2004,TV-G,6 Seasons,"Animals & Nature, Docuseries, Family",World-renowned dog expert Cesar Millan helps dogs and their owners overcome behavior issues.,Disney+
s868,TV Show,"Dr. T, Lone Star Vet",,Dr. Lauren Thielen,United States,"November 12, 2019",2019,TV-PG,1 Season,"Docuseries, Family, Medical","Dr. T, Lone Star Vet follows Dr. T as she faces the most compelling cases of her career.",Disney+
s877,TV Show,Elena of Avalor (Shorts),,"Aimee Carrero, Jenna Ortega, Maximus Riegel, Gia Lopez, Desmond Gerber, Mick Wingert",,"November 12, 2019",2017,TV-Y,2 Seasons,"Action-Adventure, Animation, Fantasy",Elena travels to Vallestrella and trains with Zuzo!,Disney+
s880,TV Show,Encore!,,"Kristen Bell, Roger Love, Susan Egan, Ali Stroker, Stephen Schwartz",United States,"November 12, 2019",2019,TV-14,1 Season,"Music, Reality",Kristen Bell reunites former high school classmates to re-stage musicals they performed in the past.,Disney+
s882,TV Show,Even Stevens,,"Shia LaBeouf, Christy Romano, Nick Spano, Tom Virtue, Donna Pescow",United States,"November 12, 2019",2000,TV-PG,3 Seasons,"Comedy, Coming of Age, Kids","Louis, a seventh-grade misfit, struggles to fit in at school and in his seemingly perfect family.",Disney+
s886,TV Show,Fantastic Four (Series),,"Beau Weaver, Lori Alan, Chuck McCann, Brian Green, Stan Lee, Pauline Lomas",United States,"November 12, 2019",1994,TV-Y7,1 Season,"Action-Adventure, Animation, Kids","Reed Richards, Sue and Johnny Storm and pilot Ben Grimm are transformed into the Fantastic Four.",Disney+
s887,TV Show,"Fantastic Four: World's Greatest Heroes",,"Christopher Jacot, Hiro Kanagawa, Lara Gilchrist, Brian Dobson",United States,"November 12, 2019",2007,TV-Y7,1 Season,"Action-Adventure, Animation, Kids","Watch Mr. Fantastic, Invisible Woman, Human Torch, and Thing as they battle their greatest foes.",Disney+
s908,TV Show,Gargoyles,,"Thom Hernandez, Edward Asner, Jeff Bennett, Keith David, Bill Fagerbakke, Jonathan Frakes",United States,"November 12, 2019",1994,TV-Y7,3 Seasons,"Action-Adventure, Animation, Fantasy","In Scotland, 994 A.D. Goliath and his clan of gargoyles defend a medieval castle.",Disney+
s915,TV Show,Girl Meets World,,"Rowan Blanchard, Ben Savage, Sabrina Carpenter, Peyton Meyer, August Maturo, Danielle Fishel",United States,"November 12, 2019",2013,TV-G,3 Seasons,"Comedy, Coming of Age, Family",Riley and Maya traverse the twists of teenage years.,Disney+
s918,TV Show,Good Luck Charlie,,"Bridgit Mendler, Leigh-Allyn Baker, Bradley Perry, Mia Talerico, Eric Kramer, Jason Dolley",United States,"November 12, 2019",2009,TV-G,4 Seasons,"Comedy, Coming of Age, Family",The Duncans are a typical family whose lives are turned topsy-turvy with the arrival of Charlie,Disney+
s920,TV Show,Goof Troop,,"Nancy Cartwright, Jim Cummings, Dana Hill, Rob Paulson, Corey Burton, Bill Farmer",United States,"November 12, 2019",1992,TV-Y7,1 Season,"Animation, Comedy, Kids","Goofy is a single father raising his son, Max in Spoonerville.",Disney+
s924,TV Show,Great Migrations,,Alec Baldwin,United States,"November 12, 2019",2010,TV-PG,1 Season,"Animals & Nature, Docuseries, Survival",An intimate and unprecedented view of animal migrations across the globe.,Disney+
s930,TV Show,Handy Manny,,"Wilmer Valderrama, Carlos Alazraqui, Dee Baker, Nika Futterman, Tom Kenny, Kath Soucie","United States, Canada","November 12, 2019",2006,TV-Y,3 Seasons,"Animation, Kids","Handy Manny and his box of friendly, silly tools are the go-to guys in their neighborhood.",Disney+
s931,TV Show,Hannah Montana,,"Miley Cyrus, Emily Osment, Mitchel Musso, Jason Earles, Billy Cyrus",United States,"November 12, 2019",2005,TV-G,4 Seasons,"Comedy, Coming of Age, Kids",Hannah Montana is a live-action comedy series that follows typical tween Miley Stewart.,Disney+
s944,TV Show,High School Musical: The Musical: The Series,,"Olivia Rodrigo, Joshua Bassett, Matt Cornett, Sofia Wylie, Larry Saperstein",United States,"November 12, 2019",2019,TV-PG,2 Seasons,"Comedy, Coming of Age, Drama","For the first time ever, East High Wildcats put on a production of High School Musical: The Musical!",Disney+
s951,TV Show,Hostile Planet,,Bear Grylls,United States,"November 12, 2019",2019,TV-PG,1 Season,"Animals & Nature, Docuseries, Survival",Hostile Planet reveals the animal kingdom’s epic stories of survival in extreme environments.,Disney+
s957,TV Show,Hulk and the Agents of S.M.A.S.H.,,"Fred Tatasciore, Clancy Brown, Seth Green, Eliza Dushku, Ben Diskin",United States,"November 12, 2019",2012,TV-Y7,2 Seasons,"Action-Adventure, Animation, Comedy",Hulk and friends battle against evil.,Disney+
s969,TV Show,Iron Man (Series),,"Robert Hays, James Avery, Ed Gilbert, Jim Cummings, Tony Steedman, James Warwick",United States,"November 12, 2019",1994,TV-Y7,1 Season,"Action-Adventure, Animation, Kids",Industrialist Tony Stark leads a private team of superheroes as Iron Man against the forces of evil.,Disney+
s970,TV Show,Iron Man Armored Adventures,,"Adrian Petriw, Daniel Bacon, Anna Cummer, Mackenzie Gray, Vincent Tong","Canada, United States, United Kingdom, France, Luxembourg","November 12, 2019",2008,TV-G,2 Seasons,"Action-Adventure, Animation, Coming of Age","After a tragic accident robs Tony of his father, he uses his new invincible armor to protect others.",Disney+
s976,TV Show,Jessie,,"Debby Ryan, Peyton List, Cameron Boyce, Karan Brar, Skai Jackson, Kevin Chamberlin",United States,"November 12, 2019",2011,TV-PG,4 Seasons,"Comedy, Coming of Age, Family","A small-town girl becomes a nanny for a quirky, rich family.",Disney+
s988,TV Show,"Kickin' It",,"Leo Howard, Dylan Snyder, Mateo Arias, Olivia Holt, Alex Jones, Jason Earles",United States,"November 12, 2019",2010,TV-PG,4 Seasons,"Action-Adventure, Comedy, Coming of Age",The series will follow the crew of lovable misfits.,Disney+
s993,TV Show,Kingdom of the White Wolf,,Jenny Jules,United States,"November 12, 2019",2019,TV-PG,1 Season,"Action-Adventure, Animals & Nature, Docuseries","In the remote, majestic landcape of the high Arctic, a photographer seeks the legendary white wolf.",Disney+
s998,TV Show,Lab Rats,,"Billy Unger, Spencer Boldman, Kelli Berglund, Tyrel Williams, Hal Sparks",United States,"November 12, 2019",2011,TV-Y7,4 Seasons,"Action-Adventure, Comedy, Coming of Age",Leo discovers a secret underground lab with three experiments.,Disney+
s1001,TV Show,LEGO Disney Frozen: Northern Lights (Shorts),,,United States,"November 12, 2019",2016,TV-Y7,1 Season,"Action-Adventure, Animation, Comedy",Anna and Elsa search for the missing Northern Lights.,Disney+
s1002,TV Show,LEGO Star Wars: All Stars,,"Jasmin Brown, Josh Peck, Zeno Robinson, Max Mittelman, Matthew Wood",United States,"November 12, 2019",2018,TV-Y7,1 Season,"Action-Adventure, Animation, Comedy","Han, Chewie, Leia and more team up for new adventures!",Disney+
s1003,TV Show,LEGO Star Wars: All Stars (Shorts),,"Matthew Wood, Yvette Brown, Nicolas Cantu, Carolyn Hennesy, Montse Hernandez, Vanessa Lengies",,"November 12, 2019",2018,TV-Y7,1 Season,"Action-Adventure, Animation, Comedy","Roger, the lovable battle droid, tells his story.",Disney+
s1004,TV Show,LEGO Star Wars: Droid Tales,,"Tom Kane, Anthony Daniels, Trevor Devall, Kirby Morrow, Sam Vincent, Michael Donovan",United States,"November 12, 2019",2014,TV-Y7,1 Season,"Action-Adventure, Animation, Comedy",C-3PO recounts the great adventures of the Rebels.,Disney+
s1005,TV Show,LEGO Star Wars: Resistance Rises (Shorts),,,"United States, Denmark","November 12, 2019",2015,TV-Y7-FV,1 Season,"Action-Adventure, Animation, Comedy",Follow five untold stories before the Force awakened.,Disney+
s1006,TV Show,LEGO Star Wars: The Freemaker Adventures,,"Matt Sloan, Trevor Devall, Greg Baldwin, Michael Daingerfield, Vanessa Lengies, Grey Griffin",United States,"November 12, 2019",2015,TV-Y7,2 Seasons,"Action-Adventure, Animation, Comedy",12-year old Rowan Freemaker discovers the Kyber Saber.,Disney+
s1007,TV Show,LEGO Star Wars: The Freemaker Adventures (Shorts),,,,"November 12, 2019",2016,TV-Y7,1 Season,"Action-Adventure, Animation, Comedy",The Freemakers lend a helping hand to the rebel fleet.,Disney+
s1023,TV Show,Lizzie McGuire,,"Hilary Duff, Lalaine , Adam Lamberg, Jake Thomas, Hallie Todd, Robert Carradine",United States,"November 12, 2019",2000,TV-G,2 Seasons,"Comedy, Coming of Age, Kids","Lizzie McGuire has great friends, a great family and even great foes. Get inside her head.",Disney+
s1025,TV Show,Lost Treasures of the Maya,,Albert Lin,"United States, Guatemala","November 12, 2019",2018,TV-PG,1 Season,"Docuseries, Historical",A high-tech treasure map rewrites the history of the ancient Maya in the Guatemalan jungle.,Disney+
s1033,TV Show,Marvel Comics X-Men,,"Cedric Smith, Catherine Disher, Alyson Court, Chris Potter, George Buza, Iona Morris","United States, Canada","November 12, 2019",1992,TV-Y7,5 Seasons,"Action-Adventure, Animation, Fantasy",In the Marvel Comics universe mutants are persecuted by a hateful and fearful populous.,Disney+
s1034,TV Show,Marvel Rising: Initiation (Shorts),,,United States,"November 12, 2019",2017,TV-Y7,1 Season,"Action-Adventure, Animation, Kids","Ghost-Spider is falsely accused of her friend's death.",Disney+
s1054,TV Show,Marvel Ultimate Spider-Man,,"Drake Bell, Chi McBride, Steven Weber, J.K. Simmons, Tom Kenny, Clark Gregg",United States,"November 12, 2019",2011,TV-Y7,4 Seasons,"Action-Adventure, Animation, Fantasy",Spider-Man trains alongside four fellow teenage superheroes.,Disney+
s1055,TV Show,"Marvel's Agent Carter",,"Hayley Atwell, James D'Arcy, Chad Murray, Enver Gjokaj, Shea Whigham",United States,"November 12, 2019",2014,TV-14,2 Seasons,"Action-Adventure, Science Fiction, Spy/Espionage","Working for SSR, Peggy would rather be in the field.",Disney+
s1056,TV Show,"Marvel's Ant-Man (Shorts)",,,United States,"November 12, 2019",2016,TV-Y7,1 Season,"Action-Adventure, Animation, Comedy",Ant-Man protects the world one inch at a time!,Disney+
s1057,TV Show,"Marvel's Avengers Assemble",,"Adrian Pasdar, Fred Tatasciore, Roger Smith, Travis Willingham, Troy Baker, Bumper Robinson",United States,"November 12, 2019",2012,TV-Y7,5 Seasons,"Action-Adventure, Animation, Kids",Marvel’s mightiest heroes combine their power.,Disney+
s1058,TV Show,"Marvel's Avengers: Secret Wars (Shorts)",,,,"November 12, 2019",2016,TV-Y7,1 Season,"Action-Adventure, Animation, Kids",A new team of heroes joins the Avengers.,Disney+
s1059,TV Show,"Marvel's Guardians of the Galaxy (Series)",,"Will Friedle, Trevor Devall, Kevin Richardson, Vanessa Marshall, David Sobolov",United States,"November 12, 2019",2015,TV-Y7,3 Seasons,"Action-Adventure, Animation, Kids",The Guardians find a map leading to a powerful weapon.,Disney+
s1060,TV Show,"Marvel's Guardians of the Galaxy (Shorts)",,,,"November 12, 2019",2014,TV-Y7,2 Seasons,"Action-Adventure, Animation, Kids",The stories of five outlaws who became the Guardians.,Disney+
s1061,TV Show,"Marvel's Hero Project",,,United States,"November 12, 2019",2019,TV-PG,1 Season,"Docuseries, Family","Celebrate the inspiring efforts of young, real life heroes as they join Marvel’s Hero Project.",Disney+
s1062,TV Show,"Marvel's Inhumans",,"Anson Mount, Serinda Swan, Ken Leung, Eme Ikwuakor, Isabelle Cornish, Ellen Woglom",United States,"November 12, 2019",2017,TV-14,1 Season,"Action-Adventure, Science Fiction, Superhero",The never-before-told adventure of the Royal Family.,Disney+
s1063,TV Show,"Marvel's Rocket & Groot (Shorts)",,,,"November 12, 2019",2016,TV-Y7,1 Season,"Action-Adventure, Animation, Buddy",Rocket and Groot shop for a new ship.,Disney+
s1064,TV Show,"Marvel's Ultimate Comics",,"Cole Howard, Brian Drummond",,"November 12, 2019",2016,TV-Y7,1 Season,"Action-Adventure, Animation, Comedy",Spidey and Iron Man team-up. Black Panther vs. Ghost.,Disney+
s1071,TV Show,Mickey Mouse (Shorts),,,United States,"November 12, 2019",2012,TV-G,5 Seasons,"Animation, Kids","All-new series of cartoon shorts, Mickey Mouse finds himself in silly situations around the world!",Disney+
s1072,TV Show,Mickey Mouse Club (1955-59),,,United States,"November 12, 2019",1955,TV-PG,1 Season,"Family, Variety",The Mickey Mouse Club is a variety show featuring the Mouseketeers. See details for advisory.,Disney+
s1098,TV Show,Muppet Moments (Shorts),,,United States,"November 12, 2019",2014,TV-Y7,1 Season,"Anthology, Comedy, Kids",Join the Muppets as they share unforgettable moments.,Disney+
s1102,TV Show,My Friends Tigger & Pooh,,Jim Cummings,United States,"November 12, 2019",2006,TV-Y,2 Seasons,"Animation, Kids","Pooh, Tigger, and friends from the Hundred Acre Wood welcome new neighbors",Disney+
s1115,TV Show,Origins: The Journey of Humankind,,"Mark Monroe, Jason Silva",United States,"November 12, 2019",2016,TV-14,1 Season,"Docuseries, Historical","Hosted by Jason Silva, this eight-part series illuminates key developments in human culture.",Disney+
s1116,TV Show,Out of the Box,,"Vivian Bayubay, Tony James, Jill Schackner, Aleisha Allen, Cece Cortes, Nicholas Eng",United States,"November 12, 2019",1998,TV-G,3 Seasons,Kids,A group of children come and play in a clubhouse made entirely out of painted cardboard boxes.,Disney+
s1125,TV Show,Phil of the Future,,"Ricky Ullman, Amy Bruckner, Craig Anton, Lise Simms, Alyson Michalka",United States,"November 12, 2019",2003,TV-G,2 Seasons,"Comedy, Coming of Age, Kids",Phil is just your average teenager – whose family crash-landed here from the year 2121.,Disney+
s1126,TV Show,Phineas and Ferb,,"Vincent Martella, Ashley Tisdale, Thomas Sangster, Caroline Rhea, Alyson Stoner, Mitchel Musso","United States, South Korea, China, Taiwan","November 12, 2019",2007,TV-G,4 Seasons,"Action-Adventure, Animation, Comedy",Phineas and Ferb have big summertime adventures with friends.,Disney+
s1135,TV Show,Pixar In Real Life,,,United States,"November 12, 2019",2019,TV-G,1 Season,"Anthology, Comedy, Family",Characters and moments from Pixar films are brought to life to the surprise of real people.,Disney+
s1150,TV Show,Quack Pack,,"Tony Anselmo, James Avery, Brian Cummings, E.G. Daily, Jeannie Elias, Pamela Segall",United States,"November 12, 2019",1996,TV-Y,1 Season,"Action-Adventure, Animation, Comedy","This cartoon follows on from the 1980's cartoon ""DuckTales"".",Disney+
s1170,TV Show,Rocky Mountain Animal Rescue,,Chopper Bernet,United States,"November 12, 2019",2018,TV-PG,1 Season,"Animals & Nature, Docuseries, Family","Officers and vets in the Pike's Peak area of Colorado handle thousands of animal emergencies a year.",Disney+
s1188,TV Show,Shake It Up,,"Bella Thorne, Zendaya , Davis Cleveland, Roshon Fegan, Adam Irigoyen, Kenton Duty",United States,"November 12, 2019",2010,TV-G,3 Seasons,"Buddy, Comedy, Coming of Age",Best friends attend high school and dance professionally.,Disney+
s1192,TV Show,Silver Surfer,,"Paul Essiembre, James Blendick, Robert Bockstael, Jennifer Daley, Colin Fox","United States, Canada","November 12, 2019",1997,TV-Y7,1 Season,"Action-Adventure, Animation, Kids",The adventures of the cosmic wanderer as he seeks his lost home after rebelling from his master.,Disney+
s1203,TV Show,So Weird,,"Cara DeLizia, Patrick Levis, Erik von Detten, Belinda Metz, Dave Ward, Mackenzie Phillips",Canada,"November 12, 2019",1999,TV-Y7,3 Seasons,"Fantasy, Kids, Mystery",A teenage girl travels the country on a rock tour while investigating the supernatural.,Disney+
s1205,TV Show,Spider-Man (Shorts),,,,"November 12, 2019",2016,TV-Y7,1 Season,"Action-Adventure, Animation, Kids",Peter uses science to investigate his spider bite.,Disney+
s1206,TV Show,Spider-Man and His Amazing Friends,,"Hans Conried, Jerry Dexter, George DiCenzo, Alan Dinehart, Walker Edminston, Michael Evans",United States,"November 12, 2019",1982,TV-Y7,1 Season,"Action-Adventure, Animation, Kids",Spider-Man battles crime in New York City with the help of Iceman and Firestar.,Disney+
s1207,TV Show,Spider-Man Unlimited,,"Rino Romano, Kathleen Barr, Jim Byrnes, Garry Chalk, Paul Dobson","United States, Canada","November 12, 2019",1999,TV-Y7,1 Season,"Action-Adventure, Animation, Kids",Strap in to your seats and experience Spider-Man Unlimited!,Disney+
s1208,TV Show,Spider-Woman,,"Joan Ark, Bruce Miller, Bryan Scott, Lou Krugman, Dick Tufeld",United States,"November 12, 2019",1979,TV-Y7,1 Season,"Action-Adventure, Animation, Kids",Jessica Drew has superhuman powers. She uses them as Spider-Woman.,Disney+
s1209,TV Show,Star Wars Forces of Destiny (Shorts),,"Ashley Eckstein, Matt Lanter, C1-10P a.k.a. ""Chopper"" , John Boyega, Vanessa Marshall, Felicity Jones",United States,"November 12, 2019",2016,TV-Y7,2 Seasons,"Action-Adventure, Animation, Anthology",Untold stories from the heroines of Star Wars.,Disney+
s1210,TV Show,Star Wars Rebels,,"Taylor Gray, Vanessa Marshall, Freddie Prinze Jr., Tiya Sircar, Steve Blum, C1-10P a.k.a. ""Chopper""",United States,"November 12, 2019",2014,TV-Y7,4 Seasons,"Action-Adventure, Animation, Kids",The Ghost crew provides a spark to ignite a rebellion.,Disney+
s1211,TV Show,Star Wars Rebels (Shorts),,,,"November 12, 2019",2014,TV-Y7,1 Season,"Action-Adventure, Animation, Kids",It is a dark time in the galaxy as the Empire continues to tighten its grip.,Disney+
s1214,TV Show,Star Wars: Blips,,,United States,"November 12, 2019",2019,TV-Y7-FV,1 Season,Series,"What does a curious little droid do when he's not on a daring mission to save the galaxy?",Disney+
s1229,TV Show,TaleSpin,,"Charlie Adler, Jim Cummings, Ed Gilbert, Chuck McCann, Alan Roberts, Sally Struthers",United States,"November 12, 2019",1990,TV-G,1 Season,"Action-Adventure, Animation, Kids","Follow Baloo, his 12-year old navigator Kit, the boss Rebecca Cunningham, and the rest of the crew.",Disney+
s1245,TV Show,The Adventures of Spin and Marty,,"David Stollery, Tim Considine",United States,"November 12, 2019",1955,TV-G,1 Season,"Buddy, Coming of Age, Family",Spin and Marty have adventures during the summer at Triple R Ranch. See details for advisory.,Disney+
s1251,TV Show,"The Avengers: Earth's Mightiest Heroes",,"Eric Loomis, Bumper Robinson, Dawn Olivera, Phil LaMarr, Alex Desert, Kari Wuhrer",United States,"November 12, 2019",2010,TV-Y7,2 Seasons,"Action-Adventure, Animation, Kids",Chaos sweeps over the planet as the Super Villain prison system breaks down.,Disney+
s1252,TV Show,The Avengers: United They Stand,,"Martin Roach, Rod Wilson, Lenore Zann, Ron Rubin, Hamish McEwan, Lynda Ballantyne","France, Canada, United States","November 12, 2019",1999,TV-Y7,1 Season,"Action-Adventure, Animation, Kids","Set in a vibrant, high-tech future, the series focuses on the mightiest superheroes in the universe.",Disney+
s1260,TV Show,The Book of Once Upon a Time,,Kate Mulvany,,"November 12, 2019",2014,TV-Y,4 Seasons,"Animation, Anthology, Kids",Classic Disney tales are brought to life in a magical storytelling experience.,Disney+
s1261,TV Show,The Book of Pooh,,"Jim Cummings, Paul Tiesler, Jeff Bennett, Peter Cullen, Stephanie d’Abruzzo, John Fiedler",United States,"November 12, 2019",2000,TV-Y,2 Seasons,"Comedy, Kids",Pooh and Friends discover Christopher Robin’s storybook filled with endearing tales about them!,Disney+
s1289,TV Show,The Imagineering Story,,,United States,"November 12, 2019",2019,TV-PG,1 Season,"Docuseries, Historical",Creating happiness takes a strong blend of imagination and engineering - known as Imagineering.,Disney+
s1312,TV Show,The Muppets (Series),,"Bill Barretta, Dave Goelz, Eric Jacobson, Peter Linz, David Rudman, Matt Vogel",United States,"November 12, 2019",2015,TV-PG,1 Season,Comedy,"""The Muppets"" return with a documentary-style show.",Disney+
s1313,TV Show,The New Adventures of Winnie the Pooh,,"Jim Cummings, Paul Winchell, John Fiedler, Ken Sansome, Tim Hoskins, Patty Paris",United States,"November 12, 2019",1988,TV-Y,4 Seasons,"Animation, Kids",The stories of Winnie the Pooh and friends.,Disney+
s1327,TV Show,The Replacements,,"Nancy Cartwright, Grey DeLisle, Kath Soucie, Daran Norris, David McCallum, Jeff Bennett",United States,"November 12, 2019",2006,TV-G,1 Season,"Animation, Comedy, Family","Riley and Todd, can replace any adult in their life by making a simple call to the Fleemco company.",Disney+
s1344,TV Show,The Suite Life of Zack & Cody,,"Cole Sprouse, Dylan Sprouse, Brenda Song, Ashley Tisdale, Phill Lewis, Kim Rhodes",United States,"November 12, 2019",2004,TV-G,3 Seasons,"Action-Adventure, Comedy, Coming of Age","Twin brothers Zack and Cody get to live with their single mom in Boston's swankiest hotel.",Disney+
s1345,TV Show,The Suite Life On Deck,,"Cole Sprouse, Dylan Sprouse, Brenda Song, Debby Ryan, Phill Lewis",United States,"November 12, 2019",2008,TV-G,3 Seasons,"Action-Adventure, Comedy, Coming of Age","Zack and Cody Martin are aboard the SS Tipton, a luxury passenger cruise liner.",Disney+
s1359,TV Show,The World According to Jeff Goldblum,,Jeff Goldblum,United States,"November 12, 2019",2019,TV-PG,2 Seasons,Docuseries,Jeff Goldblum explores the fascinating science and history of deceptively familiar objects.,Disney+
s1370,TV Show,Timon & Pumbaa,,"Quinton Flynn, Ernie Sabella, Jim Cummings, Nathan Lane",United States,"November 12, 2019",1995,TV-Y,3 Seasons,"Animation, Buddy, Comedy","Timon, a meerkat, and Pumbaa, a warthog, join together for misadventures in the jungle.",Disney+
s1407,TV Show,Wild Yellowstone,,Bart Thomasson,Germany,"November 12, 2019",2015,TV-PG,1 Season,"Animals & Nature, Docuseries, Travel",Wild Yellowstone captures the beauty and essence of the land and animals.,Disney+
s1413,TV Show,Wizards of Waverly Place,,"Selena Gomez, David Henrie, Jake Austin, Jennifer Stone, Maria Canals-Barrera, David DeLuise",United States,"November 12, 2019",2007,TV-G,4 Seasons,"Comedy, Coming of Age, Fantasy","Alex, Justin, and Max Russo are not your ordinary teenagers – they’re secretly wizards in training!",Disney+
s1415,TV Show,Wolverine and The X-Men,,"Steve Blum, Chris Edgerly, Jennifer Hale, Michael Ironside, Danielle Judovits, AJ Buckley",United States,"November 12, 2019",2008,TV-Y7,1 Season,"Action-Adventure, Animation, Kids",Wolverine and the X-Men must join together to prevent a catastrophic future.,Disney+
s1418,TV Show,X-Men: Evolution,,"Noel Fisher, Vincent Gale, Christopher Judge, David Kaye, Scott McNeil, Meghan Black",United States,"November 12, 2019",2000,TV-Y7,4 Seasons,"Action-Adventure, Animation, Kids",X-Men: Evolution features the team as teenagers as they fight for a world that fears and hates them.,Disney+
s1435,TV Show,Smart Guy,,"Tahj Mowry, John Jones, Jason Weaver, Essence Atkins",United States,"October 1, 2019",1996,TV-G,3 Seasons,"Comedy, Coming of Age, Kids",A genius tries to fit in as a high school sophomore.,Disney+
s1440,TV Show,Disney Kirby Buckets,,"Jacob Bertrand, Mekai Curtis, Cade Sutton, Olivia Stuck, Tiffany Espensen",United States,,2014,TV-Y7,3 Seasons,"Action-Adventure, Comedy, Coming of Age","Welcome to Kirby's world! It's rude and sketchy.",Disney+
s1441,TV Show,Disney Mech-X4,,"Nathaniel Potvin, Raymond Cham, Kamran Lucas, Pearce Joza",Canada,,2016,TV-Y7,2 Seasons,"Action-Adventure, Comedy, Science Fiction",Ryan discovers his ability to control a giant robot.,Disney+
s1442,TV Show,Imagination Movers,,"Rich Collins, Dave Poche, Scott Durbin, Scott Smith, Wendy Calio, Kevin Carlson",United States,,2008,TV-Y,3 Seasons,"Kids, Music","Rock out with the Imagination Movers, Disney Junior’s favorite alternative band for preschoolers!",Disney+